#
# There is insufficient memory for the Java Runtime Environment to continue.
# Native memory allocation (malloc) failed to allocate 1471056 bytes. Error detail: Chunk::new
# Possible reasons:
#   The system is out of physical RAM or swap space
#   This process is running with CompressedOops enabled, and the Java Heap may be blocking the growth of the native heap
# Possible solutions:
#   Reduce memory load on the system
#   Increase physical memory or swap space
#   Check if swap backing store is full
#   Decrease Java heap size (-Xmx/-Xms)
#   Decrease number of Java threads
#   Decrease Java thread stack sizes (-Xss)
#   Set larger code cache with -XX:ReservedCodeCacheSize=
#   JVM is running with Zero Based Compressed Oops mode in which the Java heap is
#     placed in the first 32GB address space. The Java Heap base address is the
#     maximum limit for the native heap growth. Please use -XX:HeapBaseMinAddress
#     to set the Java Heap base and to place the Java Heap above 32GB virtual address.
# This output file may be truncated or incomplete.
#
#  Out of Memory Error (arena.cpp:150), pid=26920, tid=15676
#
# JRE version: Java(TM) SE Runtime Environment (22.0.2+9) (build 22.0.2+9-70)
# Java VM: Java HotSpot(TM) 64-Bit Server VM (22.0.2+9-70, mixed mode, sharing, tiered, compressed oops, compressed class ptrs, g1 gc, windows-amd64)
# No core dump will be written. Minidumps are not enabled by default on client versions of Windows
#

---------------  S U M M A R Y ------------

Command Line: --add-opens=java.base/java.lang=ALL-UNNAMED --add-opens=java.base/java.lang.invoke=ALL-UNNAMED --add-opens=java.base/java.util=ALL-UNNAMED --add-opens=java.prefs/java.util.prefs=ALL-UNNAMED --add-exports=jdk.compiler/com.sun.tools.javac.api=ALL-UNNAMED --add-exports=jdk.compiler/com.sun.tools.javac.util=ALL-UNNAMED --add-opens=java.base/java.util=ALL-UNNAMED --add-opens=java.prefs/java.util.prefs=ALL-UNNAMED --add-opens=java.base/java.nio.charset=ALL-UNNAMED --add-opens=java.base/java.net=ALL-UNNAMED --add-opens=java.base/java.util.concurrent.atomic=ALL-UNNAMED --add-opens=java.xml/javax.xml.namespace=ALL-UNNAMED -Xmx3G -Dfile.encoding=UTF-8 -Duser.country=US -Duser.language=en -Duser.variant -javaagent:C:\Users\guhan.DESKTOP-A3785UI\.gradle\wrapper\dists\gradle-8.14-bin\38aieal9i53h9rfe7vjup95b9\gradle-8.14\lib\agents\gradle-instrumentation-agent-8.14.jar org.gradle.launcher.daemon.bootstrap.GradleDaemon 8.14

Host: 11th Gen Intel(R) Core(TM) i7-11800H @ 2.30GHz, 16 cores, 15G,  Windows 11 , 64 bit Build 26100 (10.0.26100.8328)
Time: Thu Jun 11 22:36:15 2026 Pacific Daylight Time elapsed time: 43.215989 seconds (0d 0h 0m 43s)

---------------  T H R E A D  ---------------

Current thread (0x0000018a9577ec30):  JavaThread "C2 CompilerThread0" daemon [_thread_in_native, id=15676, stack(0x0000007611d00000,0x0000007611e00000) (1024K)]


Current CompileTask:
C2:43216 15746       4       org.gradle.internal.serialize.HierarchicalNameSerializer::read (20 bytes)

Stack: [0x0000007611d00000,0x0000007611e00000]
Native frames: (J=compiled Java code, j=interpreted, Vv=VM code, C=native code)
V  [jvm.dll+0x6e26e9]  (no source info available)
V  [jvm.dll+0x875753]  (no source info available)
V  [jvm.dll+0x877b7e]  (no source info available)
V  [jvm.dll+0x878253]  (no source info available)
V  [jvm.dll+0x27fc86]  (no source info available)
V  [jvm.dll+0xc3d0f]  (no source info available)
V  [jvm.dll+0xc3f6b]  (no source info available)
V  [jvm.dll+0x3bb442]  (no source info available)
V  [jvm.dll+0x387d4b]  (no source info available)
V  [jvm.dll+0x3871ba]  (no source info available)
V  [jvm.dll+0x2477f8]  (no source info available)
V  [jvm.dll+0x246e9f]  (no source info available)
V  [jvm.dll+0x1c4e80]  (no source info available)
V  [jvm.dll+0x2568f3]  (no source info available)
V  [jvm.dll+0x254baa]  (no source info available)
V  [jvm.dll+0x3f57a6]  (no source info available)
V  [jvm.dll+0x81dc0b]  (no source info available)
V  [jvm.dll+0x6e0d85]  (no source info available)
C  [ucrtbase.dll+0x37b0]  (no source info available)
C  [KERNEL32.DLL+0x2e957]  (no source info available)
C  [ntdll.dll+0x427c]  (no source info available)


---------------  P R O C E S S  ---------------

Threads class SMR info:
_java_thread_list=0x0000018adf7bc8a0, length=258, elements={
0x0000018af4c9f2e0, 0x0000018a95758fd0, 0x0000018a9575bbf0, 0x0000018a9575fef0,
0x0000018a957611e0, 0x0000018a95764460, 0x0000018a95768500, 0x0000018a9577ec30,
0x0000018a95784310, 0x0000018a95766ac0, 0x0000018a95767e70, 0x0000018a95768b90,
0x0000018a95769220, 0x0000018a957698b0, 0x0000018a957677e0, 0x0000018adc764620,
0x0000018adc764cb0, 0x0000018adc763270, 0x0000018adc765340, 0x0000018adc766060,
0x0000018adc763f90, 0x0000018adc7659d0, 0x0000018adc762be0, 0x0000018adc7666f0,
0x0000018adc763900, 0x0000018adc769b70, 0x0000018adc767aa0, 0x0000018adc768e50,
0x0000018adc7694e0, 0x0000018adc76a200, 0x0000018adc767410, 0x0000018adc7687c0,
0x0000018ade687940, 0x0000018ade689380, 0x0000018ade685f00, 0x0000018ade688cf0,
0x0000018ade689a10, 0x0000018ade686590, 0x0000018ade68a0a0, 0x0000018ade68a730,
0x0000018ade68b450, 0x0000018ade687fd0, 0x0000018ade68bae0, 0x0000018ade688660,
0x0000018ade68c800, 0x0000018ade68c170, 0x0000018ade68ce90, 0x0000018ade68d520,
0x0000018adeffe9d0, 0x0000018adeffb550, 0x0000018adeffc270, 0x0000018adeffe340,
0x0000018adefff060, 0x0000018adeffbbe0, 0x0000018adefff6f0, 0x0000018adeffdcb0,
0x0000018adefffd80, 0x0000018adeffc900, 0x0000018adf000410, 0x0000018adeffcf90,
0x0000018adeffd620, 0x0000018adf000aa0, 0x0000018adf001130, 0x0000018adf0024e0,
0x0000018adf0017c0, 0x0000018adf001e50, 0x0000018adf002b70, 0x0000018add48e910,
0x0000018add48efa0, 0x0000018add48fcc0, 0x0000018add490350, 0x0000018add491070,
0x0000018add48e280, 0x0000018add4909e0, 0x0000018add48f630, 0x0000018add48dbf0,
0x0000018add492420, 0x0000018add491700, 0x0000018add4944f0, 0x0000018add491d90,
0x0000018add493e60, 0x0000018add494b80, 0x0000018add495210, 0x0000018add492ab0,
0x0000018add493140, 0x0000018add4937d0, 0x0000018ae00fc370, 0x0000018ae00fca00,
0x0000018ae00fd090, 0x0000018ae00fd720, 0x0000018ae00fead0, 0x0000018ae00ff160,
0x0000018ae00fbce0, 0x0000018ae0100510, 0x0000018ae0102c70, 0x0000018ae01018c0,
0x0000018ae00ffe80, 0x0000018ae00ff7f0, 0x0000018ae0101f50, 0x0000018ae0100ba0,
0x0000018ae0101230, 0x0000018ae01025e0, 0x0000018a95767150, 0x0000018ae05c9c60,
0x0000018ae05c8220, 0x0000018ae05c88b0, 0x0000018ae05c8f40, 0x0000018ae05c95d0,
0x0000018ae05c67e0, 0x0000018ae05ca2f0, 0x0000018ae05c7500, 0x0000018ae05c6e70,
0x0000018ae05c7b90, 0x0000018ae05cde00, 0x0000018ae05cbd30, 0x0000018ae05cd770,
0x0000018ae05ca980, 0x0000018ae05cc3c0, 0x0000018ae05cd0e0, 0x0000018ae05cca50,
0x0000018ae05cb010, 0x0000018ae05cb6a0, 0x0000018ae11be3e0, 0x0000018ae11bd030,
0x0000018ae11bf100, 0x0000018ae11bea70, 0x0000018ae11bbc80, 0x0000018ae11bdd50,
0x0000018ae11bd6c0, 0x0000018ae11bf790, 0x0000018ae11bc310, 0x0000018ae11bfe20,
0x0000018ae11bc9a0, 0x0000018ae11c1ef0, 0x0000018ae11c04b0, 0x0000018ae11c1860,
0x0000018ae11c2c10, 0x0000018ae11c32a0, 0x0000018ae11c2580, 0x0000018ae11c0b40,
0x0000018ae11c11d0, 0x0000018ade0e2cd0, 0x0000018ade0e1fb0, 0x0000018ade0e4710,
0x0000018ade0e2640, 0x0000018ade0e1290, 0x0000018ade0e4da0, 0x0000018ade0e4080,
0x0000018ade0e1920, 0x0000018ade0e39f0, 0x0000018ade0e5ac0, 0x0000018ade0e5430,
0x0000018ade0e67e0, 0x0000018ade0e6150, 0x0000018ade0e3360, 0x0000018ade0e6e70,
0x0000018ade0e7500, 0x0000018ade0e8220, 0x0000018ade0e7b90, 0x0000018ade0e88b0,
0x0000018adf1e4950, 0x0000018adf1e42c0, 0x0000018adf1e21f0, 0x0000018adf1e1b60,
0x0000018adf1e2880, 0x0000018adf1e35a0, 0x0000018adf1e3c30, 0x0000018adf1e5670,
0x0000018adf1e6390, 0x0000018adf1e4fe0, 0x0000018adf1e5d00, 0x0000018adf1e2f10,
0x0000018adf1e8af0, 0x0000018adf1e70b0, 0x0000018adf1e8460, 0x0000018adf1e7dd0,
0x0000018adf1e6a20, 0x0000018adf1e9180, 0x0000018adf1e9810, 0x0000018adf1eabc0,
0x0000018adf1e9ea0, 0x0000018adf1ea530, 0x0000018adf1e7740, 0x0000018adf1ed320,
0x0000018adf1ebf70, 0x0000018adf1ee6d0, 0x0000018adf1ee040, 0x0000018adf1eb250,
0x0000018adf1ec600, 0x0000018adf1ed9b0, 0x0000018adf1eb8e0, 0x0000018adf1ecc90,
0x0000018adf1eed60, 0x0000018adf1ef3f0, 0x0000018adf1f07a0, 0x0000018adf1efa80,
0x0000018adf1f0110, 0x0000018adf1f0e30, 0x0000018ae00fb650, 0x0000018ae0fa8ec0,
0x0000018ae0fa81a0, 0x0000018ae0fa7480, 0x0000018ae0fa7b10, 0x0000018ae0fa8830,
0x0000018ae0fa9550, 0x0000018ae0fa6df0, 0x0000018ae0fa6760, 0x0000018ae0fa60d0,
0x0000018ae0faa270, 0x0000018ae0fab620, 0x0000018ae0fad060, 0x0000018ae0fad6f0,
0x0000018ae0fac340, 0x0000018ae0fadd80, 0x0000018ae0faa900, 0x0000018ae0faf7c0,
0x0000018ae0fae410, 0x0000018ae0fafe50, 0x0000018ae0faeaa0, 0x0000018ae0faf130,
0x0000018ae0fac9d0, 0x0000018ae0fb1890, 0x0000018a95a44c70, 0x0000018adb099310,
0x0000018ae0fb25b0, 0x0000018ae0fb1200, 0x0000018ae0fb32d0, 0x0000018ae0fb3960,
0x0000018ae0fb1f20, 0x0000018ae0fb2c40, 0x0000018ae0fb3ff0, 0x0000018ae0fb0b70,
0x0000018ae0fb4680, 0x0000018ae0fb4d10, 0x0000018ae0fb53a0, 0x0000018ae0fd0170,
0x0000018ae0fcccf0, 0x0000018ae0fcda10, 0x0000018ae0fd0800, 0x0000018ae0fcfae0,
0x0000018ae0fce730, 0x0000018ae0fcf450, 0x0000018ae0fd0e90, 0x0000018ae0fcedc0,
0x0000018ae0fd1520, 0x0000018ae0fce0a0, 0x0000018ae0fd2240, 0x0000018ae0fd28d0,
0x0000018ae0fd2f60, 0x0000018ae0fd35f0, 0x0000018ae0fd4310, 0x0000018ae0fd3c80,
0x0000018ae3d59020, 0x0000018ae3d5aa60, 0x0000018ae3d59d40, 0x0000018ae3d5c4a0,
0x0000018ae3d5cb30, 0x0000018ae3d5a3d0
}

Java Threads: ( => current thread )
  0x0000018af4c9f2e0 JavaThread "main"                              [_thread_blocked, id=24656, stack(0x0000007610f00000,0x0000007611000000) (1024K)]
  0x0000018a95758fd0 JavaThread "Reference Handler"          daemon [_thread_blocked, id=9860, stack(0x0000007611700000,0x0000007611800000) (1024K)]
  0x0000018a9575bbf0 JavaThread "Finalizer"                  daemon [_thread_blocked, id=26868, stack(0x0000007611800000,0x0000007611900000) (1024K)]
  0x0000018a9575fef0 JavaThread "Signal Dispatcher"          daemon [_thread_blocked, id=30868, stack(0x0000007611900000,0x0000007611a00000) (1024K)]
  0x0000018a957611e0 JavaThread "Attach Listener"            daemon [_thread_blocked, id=11804, stack(0x0000007611a00000,0x0000007611b00000) (1024K)]
  0x0000018a95764460 JavaThread "Service Thread"             daemon [_thread_blocked, id=19716, stack(0x0000007611b00000,0x0000007611c00000) (1024K)]
  0x0000018a95768500 JavaThread "Monitor Deflation Thread"   daemon [_thread_blocked, id=8924, stack(0x0000007611c00000,0x0000007611d00000) (1024K)]
=>0x0000018a9577ec30 JavaThread "C2 CompilerThread0"         daemon [_thread_in_native, id=15676, stack(0x0000007611d00000,0x0000007611e00000) (1024K)]
  0x0000018a95784310 JavaThread "C1 CompilerThread0"         daemon [_thread_blocked, id=34100, stack(0x0000007611e00000,0x0000007611f00000) (1024K)]
  0x0000018a95766ac0 JavaThread "Common-Cleaner"             daemon [_thread_blocked, id=6712, stack(0x0000007611f00000,0x0000007612000000) (1024K)]
  0x0000018a95767e70 JavaThread "Notification Thread"        daemon [_thread_blocked, id=2480, stack(0x0000007612200000,0x0000007612300000) (1024K)]
  0x0000018a95768b90 JavaThread "Daemon health stats"               [_thread_blocked, id=36360, stack(0x0000007612400000,0x0000007612500000) (1024K)]
  0x0000018a95769220 JavaThread "Incoming local TCP Connector on port 58199"        [_thread_in_native, id=21412, stack(0x0000007612b00000,0x0000007612c00000) (1024K)]
  0x0000018a957698b0 JavaThread "Daemon periodic checks"            [_thread_blocked, id=27304, stack(0x0000007612c00000,0x0000007612d00000) (1024K)]
  0x0000018a957677e0 JavaThread "Daemon"                            [_thread_blocked, id=16896, stack(0x0000007612d00000,0x0000007612e00000) (1024K)]
  0x0000018adc764620 JavaThread "Handler for socket connection from /127.0.0.1:58199 to /127.0.0.1:58200"        [_thread_in_native, id=13004, stack(0x0000007612e00000,0x0000007612f00000) (1024K)]
  0x0000018adc764cb0 JavaThread "Cancel handler"                    [_thread_blocked, id=37660, stack(0x0000007612300000,0x0000007612400000) (1024K)]
  0x0000018adc763270 JavaThread "Daemon worker"                     [_thread_blocked, id=21984, stack(0x0000007612f00000,0x0000007613000000) (1024K)]
  0x0000018adc765340 JavaThread "Asynchronous log dispatcher for DefaultDaemonConnection: socket connection from /127.0.0.1:58199 to /127.0.0.1:58200"        [_thread_blocked, id=15972, stack(0x0000007613000000,0x0000007613100000) (1024K)]
  0x0000018adc766060 JavaThread "Stdin handler"                     [_thread_blocked, id=32528, stack(0x0000007613100000,0x0000007613200000) (1024K)]
  0x0000018adc763f90 JavaThread "Daemon client event forwarder"        [_thread_blocked, id=28860, stack(0x0000007613900000,0x0000007613a00000) (1024K)]
  0x0000018adc7659d0 JavaThread "Cache worker for journal cache (C:\Users\guhan.DESKTOP-A3785UI\.gradle\caches\journal-1)"        [_thread_blocked, id=22304, stack(0x0000007613a00000,0x0000007613b00000) (1024K)]
  0x0000018adc762be0 JavaThread "File lock request listener"        [_thread_in_native, id=24048, stack(0x0000007613b00000,0x0000007613c00000) (1024K)]
  0x0000018adc7666f0 JavaThread "Cache worker for file hash cache (C:\Users\guhan.DESKTOP-A3785UI\.gradle\caches\8.14\fileHashes)"        [_thread_blocked, id=22704, stack(0x0000007613c00000,0x0000007613d00000) (1024K)]
  0x0000018adc763900 JavaThread "Cache worker for file hash cache (X:\.gradle\8.14\fileHashes)"        [_thread_blocked, id=5672, stack(0x0000007614000000,0x0000007614100000) (1024K)]
  0x0000018adc769b70 JavaThread "Cache worker for Build Output Cleanup Cache (X:\.gradle\buildOutputCleanup)"        [_thread_blocked, id=34896, stack(0x0000007614100000,0x0000007614200000) (1024K)]
  0x0000018adc767aa0 JavaThread "File watcher server"        daemon [_thread_in_native, id=30144, stack(0x0000007614200000,0x0000007614300000) (1024K)]
  0x0000018adc768e50 JavaThread "File watcher consumer"      daemon [_thread_blocked, id=34812, stack(0x0000007614300000,0x0000007614400000) (1024K)]
  0x0000018adc7694e0 JavaThread "jar transforms"                    [_thread_blocked, id=11616, stack(0x0000007614700000,0x0000007614800000) (1024K)]
  0x0000018adc76a200 JavaThread "Cache worker for checksums cache (X:\.gradle\8.14\checksums)"        [_thread_blocked, id=35432, stack(0x0000007614800000,0x0000007614900000) (1024K)]
  0x0000018adc767410 JavaThread "Cache worker for file content cache (C:\Users\guhan.DESKTOP-A3785UI\.gradle\caches\8.14\fileContent)"        [_thread_blocked, id=11792, stack(0x0000007614900000,0x0000007614a00000) (1024K)]
  0x0000018adc7687c0 JavaThread "Cache worker for cache directory md-supplier (C:\Users\guhan.DESKTOP-A3785UI\.gradle\caches\8.14\md-supplier)"        [_thread_blocked, id=25176, stack(0x0000007614a00000,0x0000007614b00000) (1024K)]
  0x0000018ade687940 JavaThread "Cache worker for cache directory md-rule (C:\Users\guhan.DESKTOP-A3785UI\.gradle\caches\8.14\md-rule)"        [_thread_blocked, id=38344, stack(0x0000007614b00000,0x0000007614c00000) (1024K)]
  0x0000018ade689380 JavaThread "Unconstrained build operations"        [_thread_blocked, id=28992, stack(0x0000007614500000,0x0000007614600000) (1024K)]
  0x0000018ade685f00 JavaThread "Unconstrained build operations Thread 2"        [_thread_blocked, id=29144, stack(0x0000007614600000,0x0000007614700000) (1024K)]
  0x0000018ade688cf0 JavaThread "Unconstrained build operations Thread 3"        [_thread_blocked, id=13048, stack(0x0000007614c00000,0x0000007614d00000) (1024K)]
  0x0000018ade689a10 JavaThread "Unconstrained build operations Thread 4"        [_thread_blocked, id=34316, stack(0x0000007614d00000,0x0000007614e00000) (1024K)]
  0x0000018ade686590 JavaThread "Unconstrained build operations Thread 5"        [_thread_blocked, id=5728, stack(0x0000007614e00000,0x0000007614f00000) (1024K)]
  0x0000018ade68a0a0 JavaThread "Unconstrained build operations Thread 6"        [_thread_blocked, id=20000, stack(0x0000007614f00000,0x0000007615000000) (1024K)]
  0x0000018ade68a730 JavaThread "jar transforms Thread 2"           [_thread_blocked, id=11228, stack(0x0000007615000000,0x0000007615100000) (1024K)]
  0x0000018ade68b450 JavaThread "jar transforms Thread 3"           [_thread_blocked, id=13512, stack(0x0000007615100000,0x0000007615200000) (1024K)]
  0x0000018ade687fd0 JavaThread "jar transforms Thread 4"           [_thread_blocked, id=17740, stack(0x0000007615200000,0x0000007615300000) (1024K)]
  0x0000018ade68bae0 JavaThread "jar transforms Thread 5"           [_thread_blocked, id=34864, stack(0x0000007615300000,0x0000007615400000) (1024K)]
  0x0000018ade688660 JavaThread "Unconstrained build operations Thread 7"        [_thread_blocked, id=12540, stack(0x0000007615400000,0x0000007615500000) (1024K)]
  0x0000018ade68c800 JavaThread "Unconstrained build operations Thread 8"        [_thread_blocked, id=19668, stack(0x0000007615500000,0x0000007615600000) (1024K)]
  0x0000018ade68c170 JavaThread "Unconstrained build operations Thread 9"        [_thread_blocked, id=31092, stack(0x0000007615600000,0x0000007615700000) (1024K)]
  0x0000018ade68ce90 JavaThread "Unconstrained build operations Thread 10"        [_thread_blocked, id=23264, stack(0x0000007615700000,0x0000007615800000) (1024K)]
  0x0000018ade68d520 JavaThread "Unconstrained build operations Thread 11"        [_thread_blocked, id=25420, stack(0x0000007615800000,0x0000007615900000) (1024K)]
  0x0000018adeffe9d0 JavaThread "Unconstrained build operations Thread 12"        [_thread_blocked, id=29544, stack(0x0000007615900000,0x0000007615a00000) (1024K)]
  0x0000018adeffb550 JavaThread "Unconstrained build operations Thread 13"        [_thread_blocked, id=29272, stack(0x0000007615a00000,0x0000007615b00000) (1024K)]
  0x0000018adeffc270 JavaThread "Unconstrained build operations Thread 14"        [_thread_blocked, id=19068, stack(0x0000007615b00000,0x0000007615c00000) (1024K)]
  0x0000018adeffe340 JavaThread "Unconstrained build operations Thread 15"        [_thread_blocked, id=34960, stack(0x0000007615c00000,0x0000007615d00000) (1024K)]
  0x0000018adefff060 JavaThread "Unconstrained build operations Thread 16"        [_thread_blocked, id=8016, stack(0x0000007615d00000,0x0000007615e00000) (1024K)]
  0x0000018adeffbbe0 JavaThread "Unconstrained build operations Thread 17"        [_thread_blocked, id=26144, stack(0x0000007615e00000,0x0000007615f00000) (1024K)]
  0x0000018adefff6f0 JavaThread "Unconstrained build operations Thread 18"        [_thread_blocked, id=28160, stack(0x0000007615f00000,0x0000007616000000) (1024K)]
  0x0000018adeffdcb0 JavaThread "Unconstrained build operations Thread 19"        [_thread_blocked, id=13416, stack(0x0000007616000000,0x0000007616100000) (1024K)]
  0x0000018adefffd80 JavaThread "Unconstrained build operations Thread 20"        [_thread_blocked, id=18112, stack(0x0000007616100000,0x0000007616200000) (1024K)]
  0x0000018adeffc900 JavaThread "Unconstrained build operations Thread 21"        [_thread_blocked, id=32832, stack(0x0000007616200000,0x0000007616300000) (1024K)]
  0x0000018adf000410 JavaThread "Unconstrained build operations Thread 22"        [_thread_blocked, id=29512, stack(0x0000007616300000,0x0000007616400000) (1024K)]
  0x0000018adeffcf90 JavaThread "Unconstrained build operations Thread 23"        [_thread_blocked, id=27888, stack(0x0000007616400000,0x0000007616500000) (1024K)]
  0x0000018adeffd620 JavaThread "Unconstrained build operations Thread 24"        [_thread_blocked, id=24248, stack(0x0000007616500000,0x0000007616600000) (1024K)]
  0x0000018adf000aa0 JavaThread "Unconstrained build operations Thread 25"        [_thread_blocked, id=24964, stack(0x0000007616600000,0x0000007616700000) (1024K)]
  0x0000018adf001130 JavaThread "Unconstrained build operations Thread 26"        [_thread_blocked, id=16504, stack(0x0000007616700000,0x0000007616800000) (1024K)]
  0x0000018adf0024e0 JavaThread "Unconstrained build operations Thread 27"        [_thread_blocked, id=35884, stack(0x0000007616800000,0x0000007616900000) (1024K)]
  0x0000018adf0017c0 JavaThread "Unconstrained build operations Thread 28"        [_thread_blocked, id=38528, stack(0x0000007616900000,0x0000007616a00000) (1024K)]
  0x0000018adf001e50 JavaThread "Unconstrained build operations Thread 29"        [_thread_blocked, id=21728, stack(0x0000007616a00000,0x0000007616b00000) (1024K)]
  0x0000018adf002b70 JavaThread "Unconstrained build operations Thread 30"        [_thread_blocked, id=5968, stack(0x0000007616b00000,0x0000007616c00000) (1024K)]
  0x0000018add48e910 JavaThread "Unconstrained build operations Thread 31"        [_thread_blocked, id=37264, stack(0x0000007616c00000,0x0000007616d00000) (1024K)]
  0x0000018add48efa0 JavaThread "Unconstrained build operations Thread 32"        [_thread_blocked, id=16672, stack(0x0000007616d00000,0x0000007616e00000) (1024K)]
  0x0000018add48fcc0 JavaThread "Unconstrained build operations Thread 33"        [_thread_blocked, id=16912, stack(0x0000007616e00000,0x0000007616f00000) (1024K)]
  0x0000018add490350 JavaThread "Unconstrained build operations Thread 34"        [_thread_blocked, id=4792, stack(0x0000007616f00000,0x0000007617000000) (1024K)]
  0x0000018add491070 JavaThread "Unconstrained build operations Thread 35"        [_thread_blocked, id=16368, stack(0x0000007617000000,0x0000007617100000) (1024K)]
  0x0000018add48e280 JavaThread "Unconstrained build operations Thread 36"        [_thread_blocked, id=33008, stack(0x0000007617100000,0x0000007617200000) (1024K)]
  0x0000018add4909e0 JavaThread "Unconstrained build operations Thread 37"        [_thread_blocked, id=25964, stack(0x0000007617200000,0x0000007617300000) (1024K)]
  0x0000018add48f630 JavaThread "Unconstrained build operations Thread 38"        [_thread_blocked, id=25224, stack(0x0000007617300000,0x0000007617400000) (1024K)]
  0x0000018add48dbf0 JavaThread "Unconstrained build operations Thread 39"        [_thread_blocked, id=21336, stack(0x0000007617400000,0x0000007617500000) (1024K)]
  0x0000018add492420 JavaThread "Unconstrained build operations Thread 40"        [_thread_blocked, id=23648, stack(0x0000007617500000,0x0000007617600000) (1024K)]
  0x0000018add491700 JavaThread "Unconstrained build operations Thread 41"        [_thread_blocked, id=17832, stack(0x0000007617600000,0x0000007617700000) (1024K)]
  0x0000018add4944f0 JavaThread "Unconstrained build operations Thread 42"        [_thread_blocked, id=35596, stack(0x0000007617700000,0x0000007617800000) (1024K)]
  0x0000018add491d90 JavaThread "Unconstrained build operations Thread 43"        [_thread_blocked, id=33744, stack(0x0000007617800000,0x0000007617900000) (1024K)]
  0x0000018add493e60 JavaThread "Unconstrained build operations Thread 44"        [_thread_blocked, id=5432, stack(0x0000007617900000,0x0000007617a00000) (1024K)]
  0x0000018add494b80 JavaThread "Unconstrained build operations Thread 45"        [_thread_blocked, id=13152, stack(0x0000007617a00000,0x0000007617b00000) (1024K)]
  0x0000018add495210 JavaThread "Unconstrained build operations Thread 46"        [_thread_blocked, id=19348, stack(0x0000007617b00000,0x0000007617c00000) (1024K)]
  0x0000018add492ab0 JavaThread "Unconstrained build operations Thread 47"        [_thread_blocked, id=27152, stack(0x0000007617c00000,0x0000007617d00000) (1024K)]
  0x0000018add493140 JavaThread "Unconstrained build operations Thread 48"        [_thread_blocked, id=14040, stack(0x0000007617d00000,0x0000007617e00000) (1024K)]
  0x0000018add4937d0 JavaThread "Unconstrained build operations Thread 49"        [_thread_blocked, id=28404, stack(0x0000007617e00000,0x0000007617f00000) (1024K)]
  0x0000018ae00fc370 JavaThread "Unconstrained build operations Thread 50"        [_thread_blocked, id=33140, stack(0x0000007617f00000,0x0000007618000000) (1024K)]
  0x0000018ae00fca00 JavaThread "Unconstrained build operations Thread 51"        [_thread_blocked, id=19952, stack(0x0000007618000000,0x0000007618100000) (1024K)]
  0x0000018ae00fd090 JavaThread "Memory manager"                    [_thread_blocked, id=35608, stack(0x0000007613f00000,0x0000007614000000) (1024K)]
  0x0000018ae00fd720 JavaThread "jar transforms Thread 6"           [_thread_blocked, id=33652, stack(0x0000007618200000,0x0000007618300000) (1024K)]
  0x0000018ae00fead0 JavaThread "HttpClient-1-SelectorManager" daemon [_thread_in_native, id=27096, stack(0x0000007618300000,0x0000007618400000) (1024K)]
  0x0000018ae00ff160 JavaThread "Unconstrained build operations Thread 52"        [_thread_blocked, id=8484, stack(0x0000007618100000,0x0000007618200000) (1024K)]
  0x0000018ae00fbce0 JavaThread "Unconstrained build operations Thread 53"        [_thread_blocked, id=2788, stack(0x0000007618400000,0x0000007618500000) (1024K)]
  0x0000018ae0100510 JavaThread "Unconstrained build operations Thread 54"        [_thread_blocked, id=30604, stack(0x0000007618500000,0x0000007618600000) (1024K)]
  0x0000018ae0102c70 JavaThread "Unconstrained build operations Thread 55"        [_thread_blocked, id=14900, stack(0x0000007618600000,0x0000007618700000) (1024K)]
  0x0000018ae01018c0 JavaThread "Unconstrained build operations Thread 56"        [_thread_blocked, id=38572, stack(0x0000007618700000,0x0000007618800000) (1024K)]
  0x0000018ae00ffe80 JavaThread "Unconstrained build operations Thread 57"        [_thread_blocked, id=28060, stack(0x0000007618800000,0x0000007618900000) (1024K)]
  0x0000018ae00ff7f0 JavaThread "Unconstrained build operations Thread 58"        [_thread_blocked, id=24592, stack(0x0000007618900000,0x0000007618a00000) (1024K)]
  0x0000018ae0101f50 JavaThread "Unconstrained build operations Thread 59"        [_thread_blocked, id=24616, stack(0x0000007618a00000,0x0000007618b00000) (1024K)]
  0x0000018ae0100ba0 JavaThread "Unconstrained build operations Thread 60"        [_thread_blocked, id=6132, stack(0x0000007618b00000,0x0000007618c00000) (1024K)]
  0x0000018ae0101230 JavaThread "Unconstrained build operations Thread 61"        [_thread_blocked, id=17424, stack(0x0000007618c00000,0x0000007618d00000) (1024K)]
  0x0000018ae01025e0 JavaThread "Unconstrained build operations Thread 62"        [_thread_blocked, id=16908, stack(0x0000007618d00000,0x0000007618e00000) (1024K)]
  0x0000018a95767150 JavaThread "Unconstrained build operations Thread 63"        [_thread_blocked, id=23308, stack(0x0000007618e00000,0x0000007618f00000) (1024K)]
  0x0000018ae05c9c60 JavaThread "Unconstrained build operations Thread 64"        [_thread_blocked, id=11160, stack(0x0000007618f00000,0x0000007619000000) (1024K)]
  0x0000018ae05c8220 JavaThread "Unconstrained build operations Thread 65"        [_thread_blocked, id=27628, stack(0x0000007619000000,0x0000007619100000) (1024K)]
  0x0000018ae05c88b0 JavaThread "Unconstrained build operations Thread 66"        [_thread_blocked, id=3556, stack(0x0000007619100000,0x0000007619200000) (1024K)]
  0x0000018ae05c8f40 JavaThread "Unconstrained build operations Thread 67"        [_thread_blocked, id=568, stack(0x0000007619200000,0x0000007619300000) (1024K)]
  0x0000018ae05c95d0 JavaThread "jar transforms Thread 7"           [_thread_blocked, id=7452, stack(0x0000007619400000,0x0000007619500000) (1024K)]
  0x0000018ae05c67e0 JavaThread "Unconstrained build operations Thread 68"        [_thread_blocked, id=19032, stack(0x0000007619500000,0x0000007619600000) (1024K)]
  0x0000018ae05ca2f0 JavaThread "Unconstrained build operations Thread 69"        [_thread_blocked, id=11736, stack(0x0000007619600000,0x0000007619700000) (1024K)]
  0x0000018ae05c7500 JavaThread "Unconstrained build operations Thread 70"        [_thread_blocked, id=31532, stack(0x0000007619700000,0x0000007619800000) (1024K)]
  0x0000018ae05c6e70 JavaThread "Unconstrained build operations Thread 71"        [_thread_blocked, id=5700, stack(0x0000007619800000,0x0000007619900000) (1024K)]
  0x0000018ae05c7b90 JavaThread "Unconstrained build operations Thread 72"        [_thread_blocked, id=19824, stack(0x0000007619900000,0x0000007619a00000) (1024K)]
  0x0000018ae05cde00 JavaThread "Unconstrained build operations Thread 73"        [_thread_blocked, id=13940, stack(0x0000007619a00000,0x0000007619b00000) (1024K)]
  0x0000018ae05cbd30 JavaThread "Unconstrained build operations Thread 74"        [_thread_blocked, id=27404, stack(0x0000007619b00000,0x0000007619c00000) (1024K)]
  0x0000018ae05cd770 JavaThread "Unconstrained build operations Thread 75"        [_thread_blocked, id=37728, stack(0x0000007619c00000,0x0000007619d00000) (1024K)]
  0x0000018ae05ca980 JavaThread "Unconstrained build operations Thread 76"        [_thread_blocked, id=22016, stack(0x0000007619d00000,0x0000007619e00000) (1024K)]
  0x0000018ae05cc3c0 JavaThread "Unconstrained build operations Thread 77"        [_thread_blocked, id=11044, stack(0x0000007619e00000,0x0000007619f00000) (1024K)]
  0x0000018ae05cd0e0 JavaThread "Unconstrained build operations Thread 78"        [_thread_blocked, id=9556, stack(0x0000007619f00000,0x000000761a000000) (1024K)]
  0x0000018ae05cca50 JavaThread "Unconstrained build operations Thread 79"        [_thread_blocked, id=34120, stack(0x000000761a000000,0x000000761a100000) (1024K)]
  0x0000018ae05cb010 JavaThread "Unconstrained build operations Thread 80"        [_thread_blocked, id=10832, stack(0x000000761a100000,0x000000761a200000) (1024K)]
  0x0000018ae05cb6a0 JavaThread "Unconstrained build operations Thread 81"        [_thread_blocked, id=32520, stack(0x000000761a200000,0x000000761a300000) (1024K)]
  0x0000018ae11be3e0 JavaThread "Unconstrained build operations Thread 82"        [_thread_blocked, id=25676, stack(0x000000761a300000,0x000000761a400000) (1024K)]
  0x0000018ae11bd030 JavaThread "jar transforms Thread 8"           [_thread_blocked, id=27596, stack(0x000000761a600000,0x000000761a700000) (1024K)]
  0x0000018ae11bf100 JavaThread "Unconstrained build operations Thread 83"        [_thread_blocked, id=21844, stack(0x000000761a400000,0x000000761a500000) (1024K)]
  0x0000018ae11bea70 JavaThread "Unconstrained build operations Thread 84"        [_thread_blocked, id=34712, stack(0x000000761a500000,0x000000761a600000) (1024K)]
  0x0000018ae11bbc80 JavaThread "Unconstrained build operations Thread 85"        [_thread_blocked, id=16316, stack(0x000000761a700000,0x000000761a800000) (1024K)]
  0x0000018ae11bdd50 JavaThread "Unconstrained build operations Thread 86"        [_thread_blocked, id=34672, stack(0x000000761a800000,0x000000761a900000) (1024K)]
  0x0000018ae11bd6c0 JavaThread "Unconstrained build operations Thread 87"        [_thread_blocked, id=16076, stack(0x000000761a900000,0x000000761aa00000) (1024K)]
  0x0000018ae11bf790 JavaThread "Unconstrained build operations Thread 88"        [_thread_blocked, id=34800, stack(0x000000761aa00000,0x000000761ab00000) (1024K)]
  0x0000018ae11bc310 JavaThread "Unconstrained build operations Thread 89"        [_thread_blocked, id=19192, stack(0x000000761ab00000,0x000000761ac00000) (1024K)]
  0x0000018ae11bfe20 JavaThread "Unconstrained build operations Thread 90"        [_thread_blocked, id=17756, stack(0x000000761ac00000,0x000000761ad00000) (1024K)]
  0x0000018ae11bc9a0 JavaThread "Unconstrained build operations Thread 91"        [_thread_blocked, id=28224, stack(0x000000761ad00000,0x000000761ae00000) (1024K)]
  0x0000018ae11c1ef0 JavaThread "Unconstrained build operations Thread 92"        [_thread_blocked, id=29352, stack(0x000000761ae00000,0x000000761af00000) (1024K)]
  0x0000018ae11c04b0 JavaThread "Unconstrained build operations Thread 93"        [_thread_blocked, id=21824, stack(0x000000761af00000,0x000000761b000000) (1024K)]
  0x0000018ae11c1860 JavaThread "Unconstrained build operations Thread 94"        [_thread_blocked, id=38712, stack(0x000000761b000000,0x000000761b100000) (1024K)]
  0x0000018ae11c2c10 JavaThread "Unconstrained build operations Thread 95"        [_thread_blocked, id=38760, stack(0x000000761b100000,0x000000761b200000) (1024K)]
  0x0000018ae11c32a0 JavaThread "Unconstrained build operations Thread 96"        [_thread_blocked, id=19840, stack(0x000000761b200000,0x000000761b300000) (1024K)]
  0x0000018ae11c2580 JavaThread "Unconstrained build operations Thread 97"        [_thread_blocked, id=17824, stack(0x000000761b300000,0x000000761b400000) (1024K)]
  0x0000018ae11c0b40 JavaThread "Unconstrained build operations Thread 98"        [_thread_blocked, id=32880, stack(0x000000761b400000,0x000000761b500000) (1024K)]
  0x0000018ae11c11d0 JavaThread "jar transforms Thread 9"           [_thread_blocked, id=21628, stack(0x000000761b500000,0x000000761b600000) (1024K)]
  0x0000018ade0e2cd0 JavaThread "Unconstrained build operations Thread 99"        [_thread_blocked, id=23976, stack(0x000000761b600000,0x000000761b700000) (1024K)]
  0x0000018ade0e1fb0 JavaThread "Unconstrained build operations Thread 100"        [_thread_blocked, id=11732, stack(0x000000761b700000,0x000000761b800000) (1024K)]
  0x0000018ade0e4710 JavaThread "Unconstrained build operations Thread 101"        [_thread_blocked, id=12708, stack(0x000000761b800000,0x000000761b900000) (1024K)]
  0x0000018ade0e2640 JavaThread "Unconstrained build operations Thread 102"        [_thread_blocked, id=35304, stack(0x000000761b900000,0x000000761ba00000) (1024K)]
  0x0000018ade0e1290 JavaThread "Unconstrained build operations Thread 103"        [_thread_blocked, id=38768, stack(0x000000761ba00000,0x000000761bb00000) (1024K)]
  0x0000018ade0e4da0 JavaThread "Unconstrained build operations Thread 104"        [_thread_blocked, id=1076, stack(0x000000761bb00000,0x000000761bc00000) (1024K)]
  0x0000018ade0e4080 JavaThread "Unconstrained build operations Thread 105"        [_thread_blocked, id=35992, stack(0x000000761bc00000,0x000000761bd00000) (1024K)]
  0x0000018ade0e1920 JavaThread "Unconstrained build operations Thread 106"        [_thread_blocked, id=34688, stack(0x000000761bd00000,0x000000761be00000) (1024K)]
  0x0000018ade0e39f0 JavaThread "Unconstrained build operations Thread 107"        [_thread_blocked, id=35688, stack(0x000000761be00000,0x000000761bf00000) (1024K)]
  0x0000018ade0e5ac0 JavaThread "Unconstrained build operations Thread 108"        [_thread_blocked, id=19384, stack(0x000000761bf00000,0x000000761c000000) (1024K)]
  0x0000018ade0e5430 JavaThread "Unconstrained build operations Thread 109"        [_thread_blocked, id=25312, stack(0x000000761c000000,0x000000761c100000) (1024K)]
  0x0000018ade0e67e0 JavaThread "Unconstrained build operations Thread 110"        [_thread_blocked, id=14348, stack(0x000000761c100000,0x000000761c200000) (1024K)]
  0x0000018ade0e6150 JavaThread "Unconstrained build operations Thread 111"        [_thread_blocked, id=9512, stack(0x000000761c200000,0x000000761c300000) (1024K)]
  0x0000018ade0e3360 JavaThread "Unconstrained build operations Thread 112"        [_thread_blocked, id=15624, stack(0x000000761c300000,0x000000761c400000) (1024K)]
  0x0000018ade0e6e70 JavaThread "Unconstrained build operations Thread 113"        [_thread_blocked, id=21668, stack(0x000000761c400000,0x000000761c500000) (1024K)]
  0x0000018ade0e7500 JavaThread "Unconstrained build operations Thread 114"        [_thread_blocked, id=9124, stack(0x000000761c500000,0x000000761c600000) (1024K)]
  0x0000018ade0e8220 JavaThread "Unconstrained build operations Thread 115"        [_thread_blocked, id=33372, stack(0x000000761c600000,0x000000761c700000) (1024K)]
  0x0000018ade0e7b90 JavaThread "Unconstrained build operations Thread 116"        [_thread_blocked, id=33572, stack(0x000000761c700000,0x000000761c800000) (1024K)]
  0x0000018ade0e88b0 JavaThread "Unconstrained build operations Thread 117"        [_thread_blocked, id=38604, stack(0x000000761c800000,0x000000761c900000) (1024K)]
  0x0000018adf1e4950 JavaThread "Unconstrained build operations Thread 118"        [_thread_blocked, id=31528, stack(0x000000761c900000,0x000000761ca00000) (1024K)]
  0x0000018adf1e42c0 JavaThread "Unconstrained build operations Thread 119"        [_thread_blocked, id=19420, stack(0x000000761ca00000,0x000000761cb00000) (1024K)]
  0x0000018adf1e21f0 JavaThread "Unconstrained build operations Thread 120"        [_thread_blocked, id=17672, stack(0x000000761cb00000,0x000000761cc00000) (1024K)]
  0x0000018adf1e1b60 JavaThread "Unconstrained build operations Thread 121"        [_thread_blocked, id=33460, stack(0x000000761cc00000,0x000000761cd00000) (1024K)]
  0x0000018adf1e2880 JavaThread "Unconstrained build operations Thread 122"        [_thread_blocked, id=16984, stack(0x000000761cd00000,0x000000761ce00000) (1024K)]
  0x0000018adf1e35a0 JavaThread "Unconstrained build operations Thread 123"        [_thread_blocked, id=30588, stack(0x000000761ce00000,0x000000761cf00000) (1024K)]
  0x0000018adf1e3c30 JavaThread "Unconstrained build operations Thread 124"        [_thread_blocked, id=26072, stack(0x000000761cf00000,0x000000761d000000) (1024K)]
  0x0000018adf1e5670 JavaThread "Unconstrained build operations Thread 125"        [_thread_blocked, id=15952, stack(0x000000761d000000,0x000000761d100000) (1024K)]
  0x0000018adf1e6390 JavaThread "Unconstrained build operations Thread 126"        [_thread_blocked, id=13684, stack(0x000000761d100000,0x000000761d200000) (1024K)]
  0x0000018adf1e4fe0 JavaThread "Unconstrained build operations Thread 127"        [_thread_blocked, id=10776, stack(0x000000761d200000,0x000000761d300000) (1024K)]
  0x0000018adf1e5d00 JavaThread "Unconstrained build operations Thread 128"        [_thread_blocked, id=26168, stack(0x000000761d300000,0x000000761d400000) (1024K)]
  0x0000018adf1e2f10 JavaThread "Unconstrained build operations Thread 129"        [_thread_blocked, id=19160, stack(0x000000761d400000,0x000000761d500000) (1024K)]
  0x0000018adf1e8af0 JavaThread "Unconstrained build operations Thread 130"        [_thread_blocked, id=31792, stack(0x000000761d500000,0x000000761d600000) (1024K)]
  0x0000018adf1e70b0 JavaThread "Unconstrained build operations Thread 131"        [_thread_blocked, id=21288, stack(0x000000761d600000,0x000000761d700000) (1024K)]
  0x0000018adf1e8460 JavaThread "Unconstrained build operations Thread 132"        [_thread_blocked, id=30548, stack(0x000000761d700000,0x000000761d800000) (1024K)]
  0x0000018adf1e7dd0 JavaThread "Unconstrained build operations Thread 133"        [_thread_blocked, id=7436, stack(0x000000761d800000,0x000000761d900000) (1024K)]
  0x0000018adf1e6a20 JavaThread "Unconstrained build operations Thread 134"        [_thread_blocked, id=31584, stack(0x000000761d900000,0x000000761da00000) (1024K)]
  0x0000018adf1e9180 JavaThread "Unconstrained build operations Thread 135"        [_thread_blocked, id=28608, stack(0x000000761da00000,0x000000761db00000) (1024K)]
  0x0000018adf1e9810 JavaThread "Unconstrained build operations Thread 136"        [_thread_blocked, id=20872, stack(0x000000761db00000,0x000000761dc00000) (1024K)]
  0x0000018adf1eabc0 JavaThread "Unconstrained build operations Thread 137"        [_thread_blocked, id=31748, stack(0x000000761dc00000,0x000000761dd00000) (1024K)]
  0x0000018adf1e9ea0 JavaThread "Unconstrained build operations Thread 138"        [_thread_blocked, id=37212, stack(0x000000761dd00000,0x000000761de00000) (1024K)]
  0x0000018adf1ea530 JavaThread "Unconstrained build operations Thread 139"        [_thread_blocked, id=18256, stack(0x000000761de00000,0x000000761df00000) (1024K)]
  0x0000018adf1e7740 JavaThread "Unconstrained build operations Thread 140"        [_thread_blocked, id=21780, stack(0x000000761df00000,0x000000761e000000) (1024K)]
  0x0000018adf1ed320 JavaThread "Unconstrained build operations Thread 141"        [_thread_blocked, id=33836, stack(0x000000761e000000,0x000000761e100000) (1024K)]
  0x0000018adf1ebf70 JavaThread "Unconstrained build operations Thread 142"        [_thread_blocked, id=9924, stack(0x000000761e100000,0x000000761e200000) (1024K)]
  0x0000018adf1ee6d0 JavaThread "Unconstrained build operations Thread 143"        [_thread_blocked, id=23756, stack(0x000000761e200000,0x000000761e300000) (1024K)]
  0x0000018adf1ee040 JavaThread "Keep-Alive-Timer"           daemon [_thread_blocked, id=30240, stack(0x0000007610d00000,0x0000007610e00000) (1024K)]
  0x0000018adf1eb250 JavaThread "Problems report writer"            [_thread_blocked, id=2804, stack(0x000000761e400000,0x000000761e500000) (1024K)]
  0x0000018adf1ec600 JavaThread "jar transforms Thread 10"          [_thread_blocked, id=5136, stack(0x000000761e600000,0x000000761e700000) (1024K)]
  0x0000018adf1ed9b0 JavaThread "Unconstrained build operations Thread 144"        [_thread_blocked, id=33740, stack(0x000000761e300000,0x000000761e400000) (1024K)]
  0x0000018adf1eb8e0 JavaThread "Unconstrained build operations Thread 145"        [_thread_blocked, id=13740, stack(0x000000761e500000,0x000000761e600000) (1024K)]
  0x0000018adf1ecc90 JavaThread "Unconstrained build operations Thread 146"        [_thread_blocked, id=34468, stack(0x000000761e700000,0x000000761e800000) (1024K)]
  0x0000018adf1eed60 JavaThread "Unconstrained build operations Thread 147"        [_thread_blocked, id=14924, stack(0x000000761e800000,0x000000761e900000) (1024K)]
  0x0000018adf1ef3f0 JavaThread "Unconstrained build operations Thread 148"        [_thread_blocked, id=6420, stack(0x000000761e900000,0x000000761ea00000) (1024K)]
  0x0000018adf1f07a0 JavaThread "Unconstrained build operations Thread 149"        [_thread_blocked, id=16924, stack(0x000000761ea00000,0x000000761eb00000) (1024K)]
  0x0000018adf1efa80 JavaThread "Unconstrained build operations Thread 150"        [_thread_blocked, id=28232, stack(0x000000761eb00000,0x000000761ec00000) (1024K)]
  0x0000018adf1f0110 JavaThread "Unconstrained build operations Thread 151"        [_thread_blocked, id=19240, stack(0x000000761ec00000,0x000000761ed00000) (1024K)]
  0x0000018adf1f0e30 JavaThread "Unconstrained build operations Thread 152"        [_thread_blocked, id=14172, stack(0x0000007613d00000,0x0000007613e00000) (1024K)]
  0x0000018ae00fb650 JavaThread "Unconstrained build operations Thread 153"        [_thread_blocked, id=17224, stack(0x0000007619300000,0x0000007619400000) (1024K)]
  0x0000018ae0fa8ec0 JavaThread "Unconstrained build operations Thread 154"        [_thread_blocked, id=35284, stack(0x000000761ed00000,0x000000761ee00000) (1024K)]
  0x0000018ae0fa81a0 JavaThread "Unconstrained build operations Thread 155"        [_thread_blocked, id=34124, stack(0x000000761ef00000,0x000000761f000000) (1024K)]
  0x0000018ae0fa7480 JavaThread "Unconstrained build operations Thread 156"        [_thread_blocked, id=37824, stack(0x000000761f000000,0x000000761f100000) (1024K)]
  0x0000018ae0fa7b10 JavaThread "Unconstrained build operations Thread 157"        [_thread_blocked, id=32372, stack(0x000000761f100000,0x000000761f200000) (1024K)]
  0x0000018ae0fa8830 JavaThread "Unconstrained build operations Thread 158"        [_thread_blocked, id=8236, stack(0x000000761f200000,0x000000761f300000) (1024K)]
  0x0000018ae0fa9550 JavaThread "Unconstrained build operations Thread 159"        [_thread_blocked, id=35108, stack(0x000000761f300000,0x000000761f400000) (1024K)]
  0x0000018ae0fa6df0 JavaThread "Unconstrained build operations Thread 160"        [_thread_blocked, id=31256, stack(0x000000761f400000,0x000000761f500000) (1024K)]
  0x0000018ae0fa6760 JavaThread "jar transforms Thread 11"          [_thread_blocked, id=30124, stack(0x000000761f700000,0x000000761f800000) (1024K)]
  0x0000018ae0fa60d0 JavaThread "jar transforms Thread 12"          [_thread_blocked, id=32836, stack(0x000000761f500000,0x000000761f600000) (1024K)]
  0x0000018ae0faa270 JavaThread "jar transforms Thread 13"          [_thread_blocked, id=17880, stack(0x000000761f600000,0x000000761f700000) (1024K)]
  0x0000018ae0fab620 JavaThread "jar transforms Thread 14"          [_thread_blocked, id=17084, stack(0x000000761fa00000,0x000000761fb00000) (1024K)]
  0x0000018ae0fad060 JavaThread "ForkJoinPool.commonPool-worker-2" daemon [_thread_blocked, id=22796, stack(0x000000761fb00000,0x000000761fc00000) (1024K)]
  0x0000018ae0fad6f0 JavaThread "ForkJoinPool.commonPool-worker-3" daemon [_thread_blocked, id=24676, stack(0x000000761fc00000,0x000000761fd00000) (1024K)]
  0x0000018ae0fac340 JavaThread "ForkJoinPool.commonPool-worker-4" daemon [_thread_blocked, id=23824, stack(0x000000761fd00000,0x000000761fe00000) (1024K)]
  0x0000018ae0fadd80 JavaThread "ForkJoinPool.commonPool-worker-5" daemon [_thread_blocked, id=32644, stack(0x000000761fe00000,0x000000761ff00000) (1024K)]
  0x0000018ae0faa900 JavaThread "ForkJoinPool.commonPool-worker-6" daemon [_thread_blocked, id=28096, stack(0x000000761ff00000,0x0000007620000000) (1024K)]
  0x0000018ae0faf7c0 JavaThread "ForkJoinPool.commonPool-worker-7" daemon [_thread_blocked, id=16208, stack(0x0000007620000000,0x0000007620100000) (1024K)]
  0x0000018ae0fae410 JavaThread "ForkJoinPool.commonPool-worker-8" daemon [_thread_blocked, id=19728, stack(0x0000007620100000,0x0000007620200000) (1024K)]
  0x0000018ae0fafe50 JavaThread "ForkJoinPool.commonPool-worker-9" daemon [_thread_blocked, id=1088, stack(0x0000007620200000,0x0000007620300000) (1024K)]
  0x0000018ae0faeaa0 JavaThread "ForkJoinPool.commonPool-worker-10" daemon [_thread_blocked, id=29612, stack(0x0000007620300000,0x0000007620400000) (1024K)]
  0x0000018ae0faf130 JavaThread "Exec process"               daemon [_thread_blocked, id=35748, stack(0x0000007620400000,0x0000007620500000) (1024K)]
  0x0000018ae0fac9d0 JavaThread "Exec process Thread 2"      daemon [_thread_blocked, id=34028, stack(0x0000007620500000,0x0000007620600000) (1024K)]
  0x0000018ae0fb1890 JavaThread "Exec process Thread 3"      daemon [_thread_blocked, id=14044, stack(0x0000007620600000,0x0000007620700000) (1024K)]
  0x0000018a95a44c70 JavaThread "C2 CompilerThread1"         daemon [_thread_in_native, id=20344, stack(0x0000007612000000,0x0000007612100000) (1024K)]
  0x0000018adb099310 JavaThread "C2 CompilerThread2"         daemon [_thread_in_native, id=25908, stack(0x0000007613e00000,0x0000007613f00000) (1024K)]
  0x0000018ae0fb25b0 JavaThread "included builds"                   [_thread_in_Java, id=20184, stack(0x000000761f800000,0x000000761f900000) (1024K)]
  0x0000018ae0fb1200 JavaThread "Execution worker"                  [_thread_blocked, id=26904, stack(0x0000007620700000,0x0000007620800000) (1024K)]
  0x0000018ae0fb32d0 JavaThread "Execution worker Thread 2"         [_thread_blocked, id=29784, stack(0x0000007620800000,0x0000007620900000) (1024K)]
  0x0000018ae0fb3960 JavaThread "Execution worker Thread 3"         [_thread_blocked, id=22784, stack(0x0000007620900000,0x0000007620a00000) (1024K)]
  0x0000018ae0fb1f20 JavaThread "Execution worker Thread 4"         [_thread_blocked, id=14968, stack(0x0000007620a00000,0x0000007620b00000) (1024K)]
  0x0000018ae0fb2c40 JavaThread "Execution worker Thread 5"         [_thread_blocked, id=17600, stack(0x0000007620b00000,0x0000007620c00000) (1024K)]
  0x0000018ae0fb3ff0 JavaThread "Execution worker Thread 6"         [_thread_blocked, id=35200, stack(0x0000007620e00000,0x0000007620f00000) (1024K)]
  0x0000018ae0fb0b70 JavaThread "Execution worker Thread 7"         [_thread_blocked, id=15740, stack(0x0000007620f00000,0x0000007621000000) (1024K)]
  0x0000018ae0fb4680 JavaThread "Execution worker Thread 8"         [_thread_blocked, id=20348, stack(0x0000007621000000,0x0000007621100000) (1024K)]
  0x0000018ae0fb4d10 JavaThread "Execution worker Thread 9"         [_thread_blocked, id=29500, stack(0x0000007621100000,0x0000007621200000) (1024K)]
  0x0000018ae0fb53a0 JavaThread "Execution worker Thread 10"        [_thread_blocked, id=29140, stack(0x0000007621200000,0x0000007621300000) (1024K)]
  0x0000018ae0fd0170 JavaThread "Execution worker Thread 11"        [_thread_blocked, id=26176, stack(0x0000007621300000,0x0000007621400000) (1024K)]
  0x0000018ae0fcccf0 JavaThread "Execution worker Thread 12"        [_thread_blocked, id=17888, stack(0x0000007621400000,0x0000007621500000) (1024K)]
  0x0000018ae0fcda10 JavaThread "Execution worker Thread 13"        [_thread_blocked, id=37292, stack(0x0000007621500000,0x0000007621600000) (1024K)]
  0x0000018ae0fd0800 JavaThread "Execution worker Thread 14"        [_thread_blocked, id=6852, stack(0x0000007621600000,0x0000007621700000) (1024K)]
  0x0000018ae0fcfae0 JavaThread "Execution worker Thread 15"        [_thread_blocked, id=37580, stack(0x0000007621700000,0x0000007621800000) (1024K)]
  0x0000018ae0fce730 JavaThread "Cache worker for execution history cache (X:\.gradle\8.14\executionHistory)"        [_thread_blocked, id=27204, stack(0x0000007621800000,0x0000007621900000) (1024K)]
  0x0000018ae0fcf450 JavaThread "Cache worker for Java compile cache (C:\Users\guhan.DESKTOP-A3785UI\.gradle\caches\8.14\javaCompile)"        [_thread_in_Java, id=19740, stack(0x0000007621a00000,0x0000007621b00000) (1024K)]
  0x0000018ae0fd0e90 JavaThread "Build operations"                  [_thread_blocked, id=20604, stack(0x0000007621b00000,0x0000007621c00000) (1024K)]
  0x0000018ae0fcedc0 JavaThread "Build operations Thread 2"         [_thread_blocked, id=3692, stack(0x0000007621c00000,0x0000007621d00000) (1024K)]
  0x0000018ae0fd1520 JavaThread "Build operations Thread 3"         [_thread_blocked, id=25108, stack(0x0000007621d00000,0x0000007621e00000) (1024K)]
  0x0000018ae0fce0a0 JavaThread "Build operations Thread 4"         [_thread_blocked, id=9312, stack(0x0000007621e00000,0x0000007621f00000) (1024K)]
  0x0000018ae0fd2240 JavaThread "Build operations Thread 5"         [_thread_blocked, id=17576, stack(0x0000007621f00000,0x0000007622000000) (1024K)]
  0x0000018ae0fd28d0 JavaThread "Build operations Thread 6"         [_thread_blocked, id=22928, stack(0x0000007622000000,0x0000007622100000) (1024K)]
  0x0000018ae0fd2f60 JavaThread "Build operations Thread 8"         [_thread_blocked, id=28788, stack(0x0000007622100000,0x0000007622200000) (1024K)]
  0x0000018ae0fd35f0 JavaThread "Build operations Thread 7"         [_thread_blocked, id=2844, stack(0x0000007622200000,0x0000007622300000) (1024K)]
  0x0000018ae0fd4310 JavaThread "Build operations Thread 10"        [_thread_blocked, id=10812, stack(0x0000007622300000,0x0000007622400000) (1024K)]
  0x0000018ae0fd3c80 JavaThread "Build operations Thread 9"         [_thread_blocked, id=38744, stack(0x0000007622400000,0x0000007622500000) (1024K)]
  0x0000018ae3d59020 JavaThread "Build operations Thread 12"        [_thread_blocked, id=28132, stack(0x0000007622500000,0x0000007622600000) (1024K)]
  0x0000018ae3d5aa60 JavaThread "Build operations Thread 13"        [_thread_blocked, id=11180, stack(0x0000007622600000,0x0000007622700000) (1024K)]
  0x0000018ae3d59d40 JavaThread "Build operations Thread 14"        [_thread_blocked, id=8900, stack(0x0000007622700000,0x0000007622800000) (1024K)]
  0x0000018ae3d5c4a0 JavaThread "Build operations Thread 15"        [_thread_blocked, id=34432, stack(0x0000007622800000,0x0000007622900000) (1024K)]
  0x0000018ae3d5cb30 JavaThread "Build operations Thread 11"        [_thread_blocked, id=24308, stack(0x0000007622900000,0x0000007622a00000) (1024K)]
  0x0000018ae3d5a3d0 JavaThread "Build operations Thread 16"        [_thread_blocked, id=31000, stack(0x0000007622a00000,0x0000007622b00000) (1024K)]
Total: 258

Other Threads:
  0x0000018a95737370 VMThread "VM Thread"                           [id=27232, stack(0x0000007611600000,0x0000007611700000) (1024K)]
  0x0000018a9571d670 WatcherThread "VM Periodic Task Thread"        [id=2184, stack(0x0000007611500000,0x0000007611600000) (1024K)]
  0x0000018af6f7e5c0 WorkerThread "GC Thread#0"                     [id=34648, stack(0x0000007611000000,0x0000007611100000) (1024K)]
  0x0000018adb1d2ff0 WorkerThread "GC Thread#1"                     [id=32032, stack(0x0000007612500000,0x0000007612600000) (1024K)]
  0x0000018adb106220 WorkerThread "GC Thread#2"                     [id=13980, stack(0x0000007612600000,0x0000007612700000) (1024K)]
  0x0000018adb107840 WorkerThread "GC Thread#3"                     [id=36592, stack(0x0000007612700000,0x0000007612800000) (1024K)]
  0x0000018adb105e70 WorkerThread "GC Thread#4"                     [id=7132, stack(0x0000007612800000,0x0000007612900000) (1024K)]
  0x0000018adb1065d0 WorkerThread "GC Thread#5"                     [id=19284, stack(0x0000007612900000,0x0000007612a00000) (1024K)]
  0x0000018adc83fa60 WorkerThread "GC Thread#6"                     [id=26256, stack(0x0000007613200000,0x0000007613300000) (1024K)]
  0x0000018adc83ef50 WorkerThread "GC Thread#7"                     [id=19648, stack(0x0000007613300000,0x0000007613400000) (1024K)]
  0x0000018adc83d1d0 WorkerThread "GC Thread#8"                     [id=16132, stack(0x0000007613400000,0x0000007613500000) (1024K)]
  0x0000018adc83e7f0 WorkerThread "GC Thread#9"                     [id=19804, stack(0x0000007613500000,0x0000007613600000) (1024K)]
  0x0000018adc83d580 WorkerThread "GC Thread#10"                    [id=30724, stack(0x0000007613600000,0x0000007613700000) (1024K)]
  0x0000018adc83f300 WorkerThread "GC Thread#11"                    [id=11752, stack(0x0000007613700000,0x0000007613800000) (1024K)]
  0x0000018adc83eba0 WorkerThread "GC Thread#12"                    [id=23724, stack(0x0000007613800000,0x0000007613900000) (1024K)]
  0x0000018af6f8b5b0 ConcurrentGCThread "G1 Main Marker"            [id=21404, stack(0x0000007611100000,0x0000007611200000) (1024K)]
  0x0000018af6f8cfe0 WorkerThread "G1 Conc#0"                       [id=10892, stack(0x0000007611200000,0x0000007611300000) (1024K)]
  0x0000018add3336e0 WorkerThread "G1 Conc#1"                       [id=25436, stack(0x0000007612100000,0x0000007612200000) (1024K)]
  0x0000018add331200 WorkerThread "G1 Conc#2"                       [id=21512, stack(0x0000007612a00000,0x0000007612b00000) (1024K)]
  0x0000018a955f11e0 ConcurrentGCThread "G1 Refine#0"               [id=21044, stack(0x0000007611300000,0x0000007611400000) (1024K)]
  0x0000018a955f3e30 ConcurrentGCThread "G1 Service"                [id=31920, stack(0x0000007611400000,0x0000007611500000) (1024K)]
Total: 21

Threads with active compile tasks:
C2 CompilerThread0  43430 15746       4       org.gradle.internal.serialize.HierarchicalNameSerializer::read (20 bytes)
C2 CompilerThread1  43430 15924       4       org.gradle.internal.serialize.HierarchicalNameSerializer::readName (51 bytes)
C2 CompilerThread2  43430 15601       4       com.google.common.collect.ImmutableEntry::<init> (15 bytes)
Total: 3

VM state: not at safepoint (normal execution)

VM Mutex/Monitor currently owned by a thread: None

Heap address: 0x0000000740000000, size: 3072 MB, Compressed Oops mode: Zero based, Oop shift amount: 3

CDS archive(s) mapped at: [0x0000018a96000000-0x0000018a96c60000-0x0000018a96c60000), size 12976128, SharedBaseAddress: 0x0000018a96000000, ArchiveRelocationMode: 1.
Compressed class space mapped at: 0x0000018a97000000-0x0000018ad7000000, reserved size: 1073741824
Narrow klass base: 0x0000018a96000000, Narrow klass shift: 0, Narrow klass range: 0x41000000

GC Precious Log:
 CardTable entry size: 512
 Card Set container configuration: InlinePtr #cards 4 size 8 Array Of Cards #cards 16 size 48 Howl #buckets 8 coarsen threshold 3686 Howl Bitmap #cards 512 size 80 coarsen threshold 460 Card regions per heap region 1 cards per card region 4096
 CPUs: 16 total, 16 available
 Memory: 16085M
 Large Page Support: Disabled
 NUMA Support: Disabled
 Compressed Oops: Enabled (Zero based)
 Heap Region Size: 2M
 Heap Min Capacity: 8M
 Heap Initial Capacity: 252M
 Heap Max Capacity: 3G
 Pre-touch: Disabled
 Parallel Workers: 13
 Concurrent Workers: 3
 Concurrent Refinement Workers: 13
 Periodic GC: Disabled

Heap:
 garbage-first heap   total reserved 3145728K, committed 1636352K, used 421888K [0x0000000740000000, 0x0000000800000000)
  region size 2048K, 20 young (40960K), 5 survivors (10240K)
 Metaspace       used 85294K, committed 88000K, reserved 1179648K
  class space    used 12176K, committed 13440K, reserved 1048576K

Heap Regions: E=young(eden), S=young(survivor), O=old, HS=humongous(starts), HC=humongous(continues), CS=collection set, F=free, TAMS=top-at-mark-start, PB=parsable bottom
|   0|0x0000000740000000, 0x0000000740200000, 0x0000000740200000|100%|HS|  |TAMS 0x0000000740000000| PB 0x0000000740000000| Complete |  0
|   1|0x0000000740200000, 0x0000000740400000, 0x0000000740400000|100%|HC|  |TAMS 0x0000000740200000| PB 0x0000000740200000| Complete |  0
|   2|0x0000000740400000, 0x0000000740600000, 0x0000000740600000|100%| O|  |TAMS 0x0000000740400000| PB 0x0000000740400000| Untracked |  0
|   3|0x0000000740600000, 0x0000000740800000, 0x0000000740800000|100%| O|  |TAMS 0x0000000740600000| PB 0x0000000740600000| Untracked |  0
|   4|0x0000000740800000, 0x0000000740a00000, 0x0000000740a00000|100%| O|  |TAMS 0x0000000740800000| PB 0x0000000740800000| Untracked |  0
|   5|0x0000000740a00000, 0x0000000740c00000, 0x0000000740c00000|100%| O|  |TAMS 0x0000000740a00000| PB 0x0000000740a00000| Untracked |  0
|   6|0x0000000740c00000, 0x0000000740e00000, 0x0000000740e00000|100%| O|  |TAMS 0x0000000740c00000| PB 0x0000000740c00000| Untracked |  0
|   7|0x0000000740e00000, 0x0000000741000000, 0x0000000741000000|100%| O|  |TAMS 0x0000000740e00000| PB 0x0000000740e00000| Untracked |  0
|   8|0x0000000741000000, 0x0000000741200000, 0x0000000741200000|100%| O|  |TAMS 0x0000000741000000| PB 0x0000000741000000| Untracked |  0
|   9|0x0000000741200000, 0x0000000741400000, 0x0000000741400000|100%| O|  |TAMS 0x0000000741200000| PB 0x0000000741200000| Untracked |  0
|  10|0x0000000741400000, 0x0000000741600000, 0x0000000741600000|100%| O|  |TAMS 0x0000000741400000| PB 0x0000000741400000| Untracked |  0
|  11|0x0000000741600000, 0x0000000741800000, 0x0000000741800000|100%| O|  |TAMS 0x0000000741600000| PB 0x0000000741600000| Untracked |  0
|  12|0x0000000741800000, 0x0000000741a00000, 0x0000000741a00000|100%| O|  |TAMS 0x0000000741800000| PB 0x0000000741800000| Untracked |  0
|  13|0x0000000741a00000, 0x0000000741c00000, 0x0000000741c00000|100%| O|  |TAMS 0x0000000741a00000| PB 0x0000000741a00000| Untracked |  0
|  14|0x0000000741c00000, 0x0000000741e00000, 0x0000000741e00000|100%| O|  |TAMS 0x0000000741c00000| PB 0x0000000741c00000| Untracked |  0
|  15|0x0000000741e00000, 0x0000000742000000, 0x0000000742000000|100%| O|  |TAMS 0x0000000741e00000| PB 0x0000000741e00000| Untracked |  0
|  16|0x0000000742000000, 0x0000000742200000, 0x0000000742200000|100%| O|  |TAMS 0x0000000742000000| PB 0x0000000742000000| Untracked |  0
|  17|0x0000000742200000, 0x0000000742400000, 0x0000000742400000|100%| O|  |TAMS 0x0000000742200000| PB 0x0000000742200000| Untracked |  0
|  18|0x0000000742400000, 0x0000000742600000, 0x0000000742600000|100%|HS|  |TAMS 0x0000000742400000| PB 0x0000000742400000| Complete |  0
|  19|0x0000000742600000, 0x0000000742800000, 0x0000000742800000|100%| O|  |TAMS 0x0000000742600000| PB 0x0000000742600000| Untracked |  0
|  20|0x0000000742800000, 0x0000000742a00000, 0x0000000742a00000|100%| O|  |TAMS 0x0000000742800000| PB 0x0000000742800000| Untracked |  0
|  21|0x0000000742a00000, 0x0000000742c00000, 0x0000000742c00000|100%| O|  |TAMS 0x0000000742a00000| PB 0x0000000742a00000| Untracked |  0
|  22|0x0000000742c00000, 0x0000000742e00000, 0x0000000742e00000|100%| O|  |TAMS 0x0000000742c00000| PB 0x0000000742c00000| Untracked |  0
|  23|0x0000000742e00000, 0x0000000743000000, 0x0000000743000000|100%| O|  |TAMS 0x0000000742e00000| PB 0x0000000742e00000| Untracked |  0
|  24|0x0000000743000000, 0x0000000743200000, 0x0000000743200000|100%| O|  |TAMS 0x0000000743000000| PB 0x0000000743000000| Untracked |  0
|  25|0x0000000743200000, 0x0000000743400000, 0x0000000743400000|100%| O|  |TAMS 0x0000000743200000| PB 0x0000000743200000| Untracked |  0
|  26|0x0000000743400000, 0x0000000743600000, 0x0000000743600000|100%| O|  |TAMS 0x0000000743400000| PB 0x0000000743400000| Untracked |  0
|  27|0x0000000743600000, 0x0000000743800000, 0x0000000743800000|100%| O|  |TAMS 0x0000000743600000| PB 0x0000000743600000| Untracked |  0
|  28|0x0000000743800000, 0x0000000743a00000, 0x0000000743a00000|100%| O|  |TAMS 0x0000000743800000| PB 0x0000000743800000| Untracked |  0
|  29|0x0000000743a00000, 0x0000000743c00000, 0x0000000743c00000|100%| O|  |TAMS 0x0000000743a00000| PB 0x0000000743a00000| Untracked |  0
|  30|0x0000000743c00000, 0x0000000743e00000, 0x0000000743e00000|100%| O|  |TAMS 0x0000000743c00000| PB 0x0000000743c00000| Untracked |  0
|  31|0x0000000743e00000, 0x0000000744000000, 0x0000000744000000|100%| O|  |TAMS 0x0000000743e00000| PB 0x0000000743e00000| Untracked |  0
|  32|0x0000000744000000, 0x0000000744200000, 0x0000000744200000|100%| O|  |TAMS 0x0000000744000000| PB 0x0000000744000000| Untracked |  0
|  33|0x0000000744200000, 0x0000000744400000, 0x0000000744400000|100%| O|  |TAMS 0x0000000744200000| PB 0x0000000744200000| Untracked |  0
|  34|0x0000000744400000, 0x0000000744600000, 0x0000000744600000|100%| O|  |TAMS 0x0000000744400000| PB 0x0000000744400000| Untracked |  0
|  35|0x0000000744600000, 0x0000000744800000, 0x0000000744800000|100%| O|  |TAMS 0x0000000744600000| PB 0x0000000744600000| Untracked |  0
|  36|0x0000000744800000, 0x0000000744a00000, 0x0000000744a00000|100%| O|  |TAMS 0x0000000744800000| PB 0x0000000744800000| Untracked |  0
|  37|0x0000000744a00000, 0x0000000744c00000, 0x0000000744c00000|100%| O|  |TAMS 0x0000000744a00000| PB 0x0000000744a00000| Untracked |  0
|  38|0x0000000744c00000, 0x0000000744e00000, 0x0000000744e00000|100%| O|  |TAMS 0x0000000744c00000| PB 0x0000000744c00000| Untracked |  0
|  39|0x0000000744e00000, 0x0000000745000000, 0x0000000745000000|100%| O|  |TAMS 0x0000000744e00000| PB 0x0000000744e00000| Untracked |  0
|  40|0x0000000745000000, 0x0000000745200000, 0x0000000745200000|100%|HS|  |TAMS 0x0000000745000000| PB 0x0000000745000000| Complete |  0
|  41|0x0000000745200000, 0x0000000745400000, 0x0000000745400000|100%|HC|  |TAMS 0x0000000745200000| PB 0x0000000745200000| Complete |  0
|  42|0x0000000745400000, 0x0000000745600000, 0x0000000745600000|100%|HC|  |TAMS 0x0000000745400000| PB 0x0000000745400000| Complete |  0
|  43|0x0000000745600000, 0x0000000745800000, 0x0000000745800000|100%| O|  |TAMS 0x0000000745600000| PB 0x0000000745600000| Untracked |  0
|  44|0x0000000745800000, 0x0000000745a00000, 0x0000000745a00000|100%| O|  |TAMS 0x0000000745800000| PB 0x0000000745800000| Untracked |  0
|  45|0x0000000745a00000, 0x0000000745c00000, 0x0000000745c00000|100%| O|  |TAMS 0x0000000745a00000| PB 0x0000000745a00000| Untracked |  0
|  46|0x0000000745c00000, 0x0000000745e00000, 0x0000000745e00000|100%| O|  |TAMS 0x0000000745c00000| PB 0x0000000745c00000| Untracked |  0
|  47|0x0000000745e00000, 0x0000000746000000, 0x0000000746000000|100%| O|  |TAMS 0x0000000745e00000| PB 0x0000000745e00000| Untracked |  0
|  48|0x0000000746000000, 0x0000000746200000, 0x0000000746200000|100%| O|  |TAMS 0x0000000746000000| PB 0x0000000746000000| Untracked |  0
|  49|0x0000000746200000, 0x0000000746400000, 0x0000000746400000|100%| O|  |TAMS 0x0000000746200000| PB 0x0000000746200000| Untracked |  0
|  50|0x0000000746400000, 0x0000000746600000, 0x0000000746600000|100%| O|  |TAMS 0x0000000746400000| PB 0x0000000746400000| Untracked |  0
|  51|0x0000000746600000, 0x0000000746800000, 0x0000000746800000|100%|HS|  |TAMS 0x0000000746600000| PB 0x0000000746600000| Complete |  0
|  52|0x0000000746800000, 0x0000000746a00000, 0x0000000746a00000|100%|HC|  |TAMS 0x0000000746800000| PB 0x0000000746800000| Complete |  0
|  53|0x0000000746a00000, 0x0000000746c00000, 0x0000000746c00000|100%|HC|  |TAMS 0x0000000746a00000| PB 0x0000000746a00000| Complete |  0
|  54|0x0000000746c00000, 0x0000000746e00000, 0x0000000746e00000|100%| O|  |TAMS 0x0000000746c00000| PB 0x0000000746c00000| Untracked |  0
|  55|0x0000000746e00000, 0x0000000747000000, 0x0000000747000000|100%| O|  |TAMS 0x0000000746e00000| PB 0x0000000746e00000| Untracked |  0
|  56|0x0000000747000000, 0x0000000747200000, 0x0000000747200000|100%| O|  |TAMS 0x0000000747000000| PB 0x0000000747000000| Untracked |  0
|  57|0x0000000747200000, 0x0000000747400000, 0x0000000747400000|100%| O|  |TAMS 0x0000000747200000| PB 0x0000000747200000| Untracked |  0
|  58|0x0000000747400000, 0x0000000747600000, 0x0000000747600000|100%| O|  |TAMS 0x0000000747400000| PB 0x0000000747400000| Untracked |  0
|  59|0x0000000747600000, 0x0000000747800000, 0x0000000747800000|100%| O|  |TAMS 0x0000000747600000| PB 0x0000000747600000| Untracked |  0
|  60|0x0000000747800000, 0x0000000747a00000, 0x0000000747a00000|100%| O|  |TAMS 0x0000000747800000| PB 0x0000000747800000| Untracked |  0
|  61|0x0000000747a00000, 0x0000000747c00000, 0x0000000747c00000|100%| O|  |TAMS 0x0000000747a00000| PB 0x0000000747a00000| Untracked |  0
|  62|0x0000000747c00000, 0x0000000747e00000, 0x0000000747e00000|100%| O|  |TAMS 0x0000000747c00000| PB 0x0000000747c00000| Untracked |  0
|  63|0x0000000747e00000, 0x0000000748000000, 0x0000000748000000|100%| O|  |TAMS 0x0000000747e00000| PB 0x0000000747e00000| Untracked |  0
|  64|0x0000000748000000, 0x0000000748200000, 0x0000000748200000|100%| O|  |TAMS 0x0000000748000000| PB 0x0000000748000000| Untracked |  0
|  65|0x0000000748200000, 0x0000000748400000, 0x0000000748400000|100%| O|  |TAMS 0x0000000748200000| PB 0x0000000748200000| Untracked |  0
|  66|0x0000000748400000, 0x0000000748600000, 0x0000000748600000|100%| O|  |TAMS 0x0000000748400000| PB 0x0000000748400000| Untracked |  0
|  67|0x0000000748600000, 0x0000000748800000, 0x0000000748800000|100%| O|  |TAMS 0x0000000748600000| PB 0x0000000748600000| Untracked |  0
|  68|0x0000000748800000, 0x0000000748a00000, 0x0000000748a00000|100%| O|  |TAMS 0x0000000748800000| PB 0x0000000748800000| Untracked |  0
|  69|0x0000000748a00000, 0x0000000748c00000, 0x0000000748c00000|100%| O|  |TAMS 0x0000000748a00000| PB 0x0000000748a00000| Untracked |  0
|  70|0x0000000748c00000, 0x0000000748e00000, 0x0000000748e00000|100%| O|  |TAMS 0x0000000748c00000| PB 0x0000000748c00000| Untracked |  0
|  71|0x0000000748e00000, 0x0000000749000000, 0x0000000749000000|100%| O|  |TAMS 0x0000000748e00000| PB 0x0000000748e00000| Untracked |  0
|  72|0x0000000749000000, 0x0000000749000000, 0x0000000749200000|  0%| F|  |TAMS 0x0000000749000000| PB 0x0000000749000000| Untracked |  0
|  73|0x0000000749200000, 0x0000000749400000, 0x0000000749400000|100%| O|  |TAMS 0x0000000749200000| PB 0x0000000749200000| Untracked |  0
|  74|0x0000000749400000, 0x0000000749600000, 0x0000000749600000|100%| O|  |TAMS 0x0000000749400000| PB 0x0000000749400000| Untracked |  0
|  75|0x0000000749600000, 0x0000000749800000, 0x0000000749800000|100%| O|  |TAMS 0x0000000749600000| PB 0x0000000749600000| Untracked |  0
|  76|0x0000000749800000, 0x0000000749a00000, 0x0000000749a00000|100%| O|  |TAMS 0x0000000749800000| PB 0x0000000749800000| Untracked |  0
|  77|0x0000000749a00000, 0x0000000749c00000, 0x0000000749c00000|100%| O|  |TAMS 0x0000000749a00000| PB 0x0000000749a00000| Untracked |  0
|  78|0x0000000749c00000, 0x0000000749e00000, 0x0000000749e00000|100%| O|  |TAMS 0x0000000749c00000| PB 0x0000000749c00000| Untracked |  0
|  79|0x0000000749e00000, 0x000000074a000000, 0x000000074a000000|100%| O|  |TAMS 0x0000000749e00000| PB 0x0000000749e00000| Untracked |  0
|  80|0x000000074a000000, 0x000000074a200000, 0x000000074a200000|100%| O|  |TAMS 0x000000074a000000| PB 0x000000074a000000| Untracked |  0
|  81|0x000000074a200000, 0x000000074a400000, 0x000000074a400000|100%| O|  |TAMS 0x000000074a200000| PB 0x000000074a200000| Untracked |  0
|  82|0x000000074a400000, 0x000000074a600000, 0x000000074a600000|100%| O|  |TAMS 0x000000074a400000| PB 0x000000074a400000| Untracked |  0
|  83|0x000000074a600000, 0x000000074a800000, 0x000000074a800000|100%| O|  |TAMS 0x000000074a600000| PB 0x000000074a600000| Untracked |  0
|  84|0x000000074a800000, 0x000000074aa00000, 0x000000074aa00000|100%| O|  |TAMS 0x000000074a800000| PB 0x000000074a800000| Untracked |  0
|  85|0x000000074aa00000, 0x000000074ac00000, 0x000000074ac00000|100%| O|  |TAMS 0x000000074aa00000| PB 0x000000074aa00000| Untracked |  0
|  86|0x000000074ac00000, 0x000000074ae00000, 0x000000074ae00000|100%| O|  |TAMS 0x000000074ac00000| PB 0x000000074ac00000| Untracked |  0
|  87|0x000000074ae00000, 0x000000074b000000, 0x000000074b000000|100%| O|  |TAMS 0x000000074ae00000| PB 0x000000074ae00000| Untracked |  0
|  88|0x000000074b000000, 0x000000074b200000, 0x000000074b200000|100%| O|  |TAMS 0x000000074b000000| PB 0x000000074b000000| Untracked |  0
|  89|0x000000074b200000, 0x000000074b400000, 0x000000074b400000|100%| O|  |TAMS 0x000000074b200000| PB 0x000000074b200000| Untracked |  0
|  90|0x000000074b400000, 0x000000074b600000, 0x000000074b600000|100%| O|  |TAMS 0x000000074b400000| PB 0x000000074b400000| Untracked |  0
|  91|0x000000074b600000, 0x000000074b800000, 0x000000074b800000|100%| O|  |TAMS 0x000000074b600000| PB 0x000000074b600000| Untracked |  0
|  92|0x000000074b800000, 0x000000074ba00000, 0x000000074ba00000|100%| O|  |TAMS 0x000000074b800000| PB 0x000000074b800000| Untracked |  0
|  93|0x000000074ba00000, 0x000000074bc00000, 0x000000074bc00000|100%| O|  |TAMS 0x000000074ba00000| PB 0x000000074ba00000| Untracked |  0
|  94|0x000000074bc00000, 0x000000074be00000, 0x000000074be00000|100%| O|  |TAMS 0x000000074bc00000| PB 0x000000074bc00000| Untracked |  0
|  95|0x000000074be00000, 0x000000074c000000, 0x000000074c000000|100%| O|  |TAMS 0x000000074be00000| PB 0x000000074be00000| Untracked |  0
|  96|0x000000074c000000, 0x000000074c200000, 0x000000074c200000|100%| O|  |TAMS 0x000000074c000000| PB 0x000000074c000000| Untracked |  0
|  97|0x000000074c200000, 0x000000074c400000, 0x000000074c400000|100%| O|  |TAMS 0x000000074c200000| PB 0x000000074c200000| Untracked |  0
|  98|0x000000074c400000, 0x000000074c600000, 0x000000074c600000|100%| O|  |TAMS 0x000000074c400000| PB 0x000000074c400000| Untracked |  0
|  99|0x000000074c600000, 0x000000074c800000, 0x000000074c800000|100%| O|  |TAMS 0x000000074c600000| PB 0x000000074c600000| Untracked |  0
| 100|0x000000074c800000, 0x000000074ca00000, 0x000000074ca00000|100%| O|  |TAMS 0x000000074c800000| PB 0x000000074c800000| Untracked |  0
| 101|0x000000074ca00000, 0x000000074cc00000, 0x000000074cc00000|100%| O|  |TAMS 0x000000074ca00000| PB 0x000000074ca00000| Untracked |  0
| 102|0x000000074cc00000, 0x000000074ce00000, 0x000000074ce00000|100%| O|  |TAMS 0x000000074cc00000| PB 0x000000074cc00000| Untracked |  0
| 103|0x000000074ce00000, 0x000000074d000000, 0x000000074d000000|100%| O|  |TAMS 0x000000074ce00000| PB 0x000000074ce00000| Untracked |  0
| 104|0x000000074d000000, 0x000000074d200000, 0x000000074d200000|100%| O|  |TAMS 0x000000074d000000| PB 0x000000074d000000| Untracked |  0
| 105|0x000000074d200000, 0x000000074d400000, 0x000000074d400000|100%| O|  |TAMS 0x000000074d200000| PB 0x000000074d200000| Untracked |  0
| 106|0x000000074d400000, 0x000000074d600000, 0x000000074d600000|100%| O|  |TAMS 0x000000074d400000| PB 0x000000074d400000| Untracked |  0
| 107|0x000000074d600000, 0x000000074d800000, 0x000000074d800000|100%| O|  |TAMS 0x000000074d600000| PB 0x000000074d600000| Untracked |  0
| 108|0x000000074d800000, 0x000000074da00000, 0x000000074da00000|100%| O|  |TAMS 0x000000074d800000| PB 0x000000074d800000| Untracked |  0
| 109|0x000000074da00000, 0x000000074dc00000, 0x000000074dc00000|100%| O|  |TAMS 0x000000074da00000| PB 0x000000074da00000| Untracked |  0
| 110|0x000000074dc00000, 0x000000074de00000, 0x000000074de00000|100%| O|  |TAMS 0x000000074dc00000| PB 0x000000074dc00000| Untracked |  0
| 111|0x000000074de00000, 0x000000074e000000, 0x000000074e000000|100%| O|  |TAMS 0x000000074de00000| PB 0x000000074de00000| Untracked |  0
| 112|0x000000074e000000, 0x000000074e200000, 0x000000074e200000|100%| O|  |TAMS 0x000000074e000000| PB 0x000000074e000000| Untracked |  0
| 113|0x000000074e200000, 0x000000074e400000, 0x000000074e400000|100%| O|  |TAMS 0x000000074e200000| PB 0x000000074e200000| Untracked |  0
| 114|0x000000074e400000, 0x000000074e600000, 0x000000074e600000|100%| O|  |TAMS 0x000000074e400000| PB 0x000000074e400000| Untracked |  0
| 115|0x000000074e600000, 0x000000074e800000, 0x000000074e800000|100%| O|  |TAMS 0x000000074e600000| PB 0x000000074e600000| Untracked |  0
| 116|0x000000074e800000, 0x000000074ea00000, 0x000000074ea00000|100%| O|  |TAMS 0x000000074e800000| PB 0x000000074e800000| Untracked |  0
| 117|0x000000074ea00000, 0x000000074ec00000, 0x000000074ec00000|100%| O|  |TAMS 0x000000074ea00000| PB 0x000000074ea00000| Untracked |  0
| 118|0x000000074ec00000, 0x000000074ee00000, 0x000000074ee00000|100%| O|  |TAMS 0x000000074ec00000| PB 0x000000074ec00000| Untracked |  0
| 119|0x000000074ee00000, 0x000000074f000000, 0x000000074f000000|100%| O|  |TAMS 0x000000074ee00000| PB 0x000000074ee00000| Untracked |  0
| 120|0x000000074f000000, 0x000000074f200000, 0x000000074f200000|100%| O|  |TAMS 0x000000074f000000| PB 0x000000074f000000| Untracked |  0
| 121|0x000000074f200000, 0x000000074f400000, 0x000000074f400000|100%| O|  |TAMS 0x000000074f200000| PB 0x000000074f200000| Untracked |  0
| 122|0x000000074f400000, 0x000000074f600000, 0x000000074f600000|100%| O|  |TAMS 0x000000074f400000| PB 0x000000074f400000| Untracked |  0
| 123|0x000000074f600000, 0x000000074f800000, 0x000000074f800000|100%| O|  |TAMS 0x000000074f600000| PB 0x000000074f600000| Untracked |  0
| 124|0x000000074f800000, 0x000000074fa00000, 0x000000074fa00000|100%| O|  |TAMS 0x000000074f800000| PB 0x000000074f800000| Untracked |  0
| 125|0x000000074fa00000, 0x000000074fc00000, 0x000000074fc00000|100%| O|  |TAMS 0x000000074fa00000| PB 0x000000074fa00000| Untracked |  0
| 126|0x000000074fc00000, 0x000000074fe00000, 0x000000074fe00000|100%| O|  |TAMS 0x000000074fc00000| PB 0x000000074fc00000| Untracked |  0
| 127|0x000000074fe00000, 0x0000000750000000, 0x0000000750000000|100%| O|  |TAMS 0x000000074fe00000| PB 0x000000074fe00000| Untracked |  0
| 128|0x0000000750000000, 0x0000000750200000, 0x0000000750200000|100%| O|  |TAMS 0x0000000750000000| PB 0x0000000750000000| Untracked |  0
| 129|0x0000000750200000, 0x0000000750400000, 0x0000000750400000|100%| O|  |TAMS 0x0000000750200000| PB 0x0000000750200000| Untracked |  0
| 130|0x0000000750400000, 0x0000000750600000, 0x0000000750600000|100%| O|  |TAMS 0x0000000750400000| PB 0x0000000750400000| Untracked |  0
| 131|0x0000000750600000, 0x0000000750800000, 0x0000000750800000|100%| O|  |TAMS 0x0000000750600000| PB 0x0000000750600000| Untracked |  0
| 132|0x0000000750800000, 0x0000000750a00000, 0x0000000750a00000|100%| O|  |TAMS 0x0000000750800000| PB 0x0000000750800000| Untracked |  0
| 133|0x0000000750a00000, 0x0000000750c00000, 0x0000000750c00000|100%| O|  |TAMS 0x0000000750a00000| PB 0x0000000750a00000| Untracked |  0
| 134|0x0000000750c00000, 0x0000000750e00000, 0x0000000750e00000|100%| O|  |TAMS 0x0000000750c00000| PB 0x0000000750c00000| Untracked |  0
| 135|0x0000000750e00000, 0x0000000751000000, 0x0000000751000000|100%| O|  |TAMS 0x0000000750e00000| PB 0x0000000750e00000| Untracked |  0
| 136|0x0000000751000000, 0x0000000751200000, 0x0000000751200000|100%| O|  |TAMS 0x0000000751000000| PB 0x0000000751000000| Untracked |  0
| 137|0x0000000751200000, 0x0000000751400000, 0x0000000751400000|100%| O|  |TAMS 0x0000000751200000| PB 0x0000000751200000| Untracked |  0
| 138|0x0000000751400000, 0x0000000751600000, 0x0000000751600000|100%| O|  |TAMS 0x0000000751400000| PB 0x0000000751400000| Untracked |  0
| 139|0x0000000751600000, 0x0000000751800000, 0x0000000751800000|100%| O|  |TAMS 0x0000000751600000| PB 0x0000000751600000| Untracked |  0
| 140|0x0000000751800000, 0x0000000751a00000, 0x0000000751a00000|100%| O|  |TAMS 0x0000000751800000| PB 0x0000000751800000| Untracked |  0
| 141|0x0000000751a00000, 0x0000000751c00000, 0x0000000751c00000|100%| O|  |TAMS 0x0000000751a00000| PB 0x0000000751a00000| Untracked |  0
| 142|0x0000000751c00000, 0x0000000751e00000, 0x0000000751e00000|100%| O|  |TAMS 0x0000000751c00000| PB 0x0000000751c00000| Untracked |  0
| 143|0x0000000751e00000, 0x0000000752000000, 0x0000000752000000|100%| O|  |TAMS 0x0000000751e00000| PB 0x0000000751e00000| Untracked |  0
| 144|0x0000000752000000, 0x0000000752200000, 0x0000000752200000|100%| O|  |TAMS 0x0000000752000000| PB 0x0000000752000000| Untracked |  0
| 145|0x0000000752200000, 0x0000000752400000, 0x0000000752400000|100%| O|  |TAMS 0x0000000752200000| PB 0x0000000752200000| Untracked |  0
| 146|0x0000000752400000, 0x0000000752600000, 0x0000000752600000|100%| O|  |TAMS 0x0000000752400000| PB 0x0000000752400000| Untracked |  0
| 147|0x0000000752600000, 0x0000000752800000, 0x0000000752800000|100%| O|  |TAMS 0x0000000752600000| PB 0x0000000752600000| Untracked |  0
| 148|0x0000000752800000, 0x0000000752a00000, 0x0000000752a00000|100%| O|  |TAMS 0x0000000752800000| PB 0x0000000752800000| Untracked |  0
| 149|0x0000000752a00000, 0x0000000752c00000, 0x0000000752c00000|100%| O|  |TAMS 0x0000000752a00000| PB 0x0000000752a00000| Untracked |  0
| 150|0x0000000752c00000, 0x0000000752e00000, 0x0000000752e00000|100%| O|  |TAMS 0x0000000752c00000| PB 0x0000000752c00000| Untracked |  0
| 151|0x0000000752e00000, 0x0000000753000000, 0x0000000753000000|100%| O|  |TAMS 0x0000000752e00000| PB 0x0000000752e00000| Untracked |  0
| 152|0x0000000753000000, 0x0000000753200000, 0x0000000753200000|100%| O|  |TAMS 0x0000000753000000| PB 0x0000000753000000| Untracked |  0
| 153|0x0000000753200000, 0x0000000753400000, 0x0000000753400000|100%| O|  |TAMS 0x0000000753200000| PB 0x0000000753200000| Untracked |  0
| 154|0x0000000753400000, 0x0000000753600000, 0x0000000753600000|100%| O|  |TAMS 0x0000000753400000| PB 0x0000000753400000| Untracked |  0
| 155|0x0000000753600000, 0x0000000753800000, 0x0000000753800000|100%| O|  |TAMS 0x0000000753600000| PB 0x0000000753600000| Untracked |  0
| 156|0x0000000753800000, 0x0000000753800000, 0x0000000753a00000|  0%| F|  |TAMS 0x0000000753800000| PB 0x0000000753800000| Untracked |  0
| 157|0x0000000753a00000, 0x0000000753a00000, 0x0000000753c00000|  0%| F|  |TAMS 0x0000000753a00000| PB 0x0000000753a00000| Untracked |  0
| 158|0x0000000753c00000, 0x0000000753c00000, 0x0000000753e00000|  0%| F|  |TAMS 0x0000000753c00000| PB 0x0000000753c00000| Untracked |  0
| 159|0x0000000753e00000, 0x0000000753e00000, 0x0000000754000000|  0%| F|  |TAMS 0x0000000753e00000| PB 0x0000000753e00000| Untracked |  0
| 160|0x0000000754000000, 0x0000000754000000, 0x0000000754200000|  0%| F|  |TAMS 0x0000000754000000| PB 0x0000000754000000| Untracked |  0
| 161|0x0000000754200000, 0x0000000754200000, 0x0000000754400000|  0%| F|  |TAMS 0x0000000754200000| PB 0x0000000754200000| Untracked |  0
| 162|0x0000000754400000, 0x0000000754400000, 0x0000000754600000|  0%| F|  |TAMS 0x0000000754400000| PB 0x0000000754400000| Untracked |  0
| 163|0x0000000754600000, 0x0000000754600000, 0x0000000754800000|  0%| F|  |TAMS 0x0000000754600000| PB 0x0000000754600000| Untracked |  0
| 164|0x0000000754800000, 0x0000000754800000, 0x0000000754a00000|  0%| F|  |TAMS 0x0000000754800000| PB 0x0000000754800000| Untracked |  0
| 165|0x0000000754a00000, 0x0000000754a00000, 0x0000000754c00000|  0%| F|  |TAMS 0x0000000754a00000| PB 0x0000000754a00000| Untracked |  0
| 166|0x0000000754c00000, 0x0000000754c00000, 0x0000000754e00000|  0%| F|  |TAMS 0x0000000754c00000| PB 0x0000000754c00000| Untracked |  0
| 167|0x0000000754e00000, 0x0000000754e00000, 0x0000000755000000|  0%| F|  |TAMS 0x0000000754e00000| PB 0x0000000754e00000| Untracked |  0
| 168|0x0000000755000000, 0x0000000755000000, 0x0000000755200000|  0%| F|  |TAMS 0x0000000755000000| PB 0x0000000755000000| Untracked |  0
| 169|0x0000000755200000, 0x0000000755200000, 0x0000000755400000|  0%| F|  |TAMS 0x0000000755200000| PB 0x0000000755200000| Untracked |  0
| 170|0x0000000755400000, 0x0000000755400000, 0x0000000755600000|  0%| F|  |TAMS 0x0000000755400000| PB 0x0000000755400000| Untracked |  0
| 171|0x0000000755600000, 0x0000000755600000, 0x0000000755800000|  0%| F|  |TAMS 0x0000000755600000| PB 0x0000000755600000| Untracked |  0
| 172|0x0000000755800000, 0x0000000755800000, 0x0000000755a00000|  0%| F|  |TAMS 0x0000000755800000| PB 0x0000000755800000| Untracked |  0
| 173|0x0000000755a00000, 0x0000000755a00000, 0x0000000755c00000|  0%| F|  |TAMS 0x0000000755a00000| PB 0x0000000755a00000| Untracked |  0
| 174|0x0000000755c00000, 0x0000000755c00000, 0x0000000755e00000|  0%| F|  |TAMS 0x0000000755c00000| PB 0x0000000755c00000| Untracked |  0
| 175|0x0000000755e00000, 0x0000000755e00000, 0x0000000756000000|  0%| F|  |TAMS 0x0000000755e00000| PB 0x0000000755e00000| Untracked |  0
| 176|0x0000000756000000, 0x0000000756000000, 0x0000000756200000|  0%| F|  |TAMS 0x0000000756000000| PB 0x0000000756000000| Untracked |  0
| 177|0x0000000756200000, 0x0000000756200000, 0x0000000756400000|  0%| F|  |TAMS 0x0000000756200000| PB 0x0000000756200000| Untracked |  0
| 178|0x0000000756400000, 0x0000000756400000, 0x0000000756600000|  0%| F|  |TAMS 0x0000000756400000| PB 0x0000000756400000| Untracked |  0
| 179|0x0000000756600000, 0x0000000756600000, 0x0000000756800000|  0%| F|  |TAMS 0x0000000756600000| PB 0x0000000756600000| Untracked |  0
| 180|0x0000000756800000, 0x0000000756800000, 0x0000000756a00000|  0%| F|  |TAMS 0x0000000756800000| PB 0x0000000756800000| Untracked |  0
| 181|0x0000000756a00000, 0x0000000756a00000, 0x0000000756c00000|  0%| F|  |TAMS 0x0000000756a00000| PB 0x0000000756a00000| Untracked |  0
| 182|0x0000000756c00000, 0x0000000756c00000, 0x0000000756e00000|  0%| F|  |TAMS 0x0000000756c00000| PB 0x0000000756c00000| Untracked |  0
| 183|0x0000000756e00000, 0x0000000756e00000, 0x0000000757000000|  0%| F|  |TAMS 0x0000000756e00000| PB 0x0000000756e00000| Untracked |  0
| 184|0x0000000757000000, 0x0000000757000000, 0x0000000757200000|  0%| F|  |TAMS 0x0000000757000000| PB 0x0000000757000000| Untracked |  0
| 185|0x0000000757200000, 0x0000000757200000, 0x0000000757400000|  0%| F|  |TAMS 0x0000000757200000| PB 0x0000000757200000| Untracked |  0
| 186|0x0000000757400000, 0x0000000757400000, 0x0000000757600000|  0%| F|  |TAMS 0x0000000757400000| PB 0x0000000757400000| Untracked |  0
| 187|0x0000000757600000, 0x0000000757600000, 0x0000000757800000|  0%| F|  |TAMS 0x0000000757600000| PB 0x0000000757600000| Untracked |  0
| 188|0x0000000757800000, 0x0000000757800000, 0x0000000757a00000|  0%| F|  |TAMS 0x0000000757800000| PB 0x0000000757800000| Untracked |  0
| 189|0x0000000757a00000, 0x0000000757a00000, 0x0000000757c00000|  0%| F|  |TAMS 0x0000000757a00000| PB 0x0000000757a00000| Untracked |  0
| 190|0x0000000757c00000, 0x0000000757c00000, 0x0000000757e00000|  0%| F|  |TAMS 0x0000000757c00000| PB 0x0000000757c00000| Untracked |  0
| 191|0x0000000757e00000, 0x0000000757e00000, 0x0000000758000000|  0%| F|  |TAMS 0x0000000757e00000| PB 0x0000000757e00000| Untracked |  0
| 192|0x0000000758000000, 0x0000000758000000, 0x0000000758200000|  0%| F|  |TAMS 0x0000000758000000| PB 0x0000000758000000| Untracked |  0
| 193|0x0000000758200000, 0x0000000758200000, 0x0000000758400000|  0%| F|  |TAMS 0x0000000758200000| PB 0x0000000758200000| Untracked |  0
| 194|0x0000000758400000, 0x0000000758400000, 0x0000000758600000|  0%| F|  |TAMS 0x0000000758400000| PB 0x0000000758400000| Untracked |  0
| 195|0x0000000758600000, 0x0000000758600000, 0x0000000758800000|  0%| F|  |TAMS 0x0000000758600000| PB 0x0000000758600000| Untracked |  0
| 196|0x0000000758800000, 0x0000000758800000, 0x0000000758a00000|  0%| F|  |TAMS 0x0000000758800000| PB 0x0000000758800000| Untracked |  0
| 197|0x0000000758a00000, 0x0000000758a00000, 0x0000000758c00000|  0%| F|  |TAMS 0x0000000758a00000| PB 0x0000000758a00000| Untracked |  0
| 198|0x0000000758c00000, 0x0000000758c00000, 0x0000000758e00000|  0%| F|  |TAMS 0x0000000758c00000| PB 0x0000000758c00000| Untracked |  0
| 199|0x0000000758e00000, 0x0000000758e00000, 0x0000000759000000|  0%| F|  |TAMS 0x0000000758e00000| PB 0x0000000758e00000| Untracked |  0
| 200|0x0000000759000000, 0x0000000759000000, 0x0000000759200000|  0%| F|  |TAMS 0x0000000759000000| PB 0x0000000759000000| Untracked |  0
| 201|0x0000000759200000, 0x0000000759200000, 0x0000000759400000|  0%| F|  |TAMS 0x0000000759200000| PB 0x0000000759200000| Untracked |  0
| 202|0x0000000759400000, 0x0000000759400000, 0x0000000759600000|  0%| F|  |TAMS 0x0000000759400000| PB 0x0000000759400000| Untracked |  0
| 203|0x0000000759600000, 0x0000000759600000, 0x0000000759800000|  0%| F|  |TAMS 0x0000000759600000| PB 0x0000000759600000| Untracked |  0
| 204|0x0000000759800000, 0x0000000759800000, 0x0000000759a00000|  0%| F|  |TAMS 0x0000000759800000| PB 0x0000000759800000| Untracked |  0
| 205|0x0000000759a00000, 0x0000000759a00000, 0x0000000759c00000|  0%| F|  |TAMS 0x0000000759a00000| PB 0x0000000759a00000| Untracked |  0
| 206|0x0000000759c00000, 0x0000000759c00000, 0x0000000759e00000|  0%| F|  |TAMS 0x0000000759c00000| PB 0x0000000759c00000| Untracked |  0
| 207|0x0000000759e00000, 0x0000000759e00000, 0x000000075a000000|  0%| F|  |TAMS 0x0000000759e00000| PB 0x0000000759e00000| Untracked |  0
| 208|0x000000075a000000, 0x000000075a000000, 0x000000075a200000|  0%| F|  |TAMS 0x000000075a000000| PB 0x000000075a000000| Untracked |  0
| 209|0x000000075a200000, 0x000000075a200000, 0x000000075a400000|  0%| F|  |TAMS 0x000000075a200000| PB 0x000000075a200000| Untracked |  0
| 210|0x000000075a400000, 0x000000075a400000, 0x000000075a600000|  0%| F|  |TAMS 0x000000075a400000| PB 0x000000075a400000| Untracked |  0
| 211|0x000000075a600000, 0x000000075a600000, 0x000000075a800000|  0%| F|  |TAMS 0x000000075a600000| PB 0x000000075a600000| Untracked |  0
| 212|0x000000075a800000, 0x000000075a800000, 0x000000075aa00000|  0%| F|  |TAMS 0x000000075a800000| PB 0x000000075a800000| Untracked |  0
| 213|0x000000075aa00000, 0x000000075aa00000, 0x000000075ac00000|  0%| F|  |TAMS 0x000000075aa00000| PB 0x000000075aa00000| Untracked |  0
| 214|0x000000075ac00000, 0x000000075ac00000, 0x000000075ae00000|  0%| F|  |TAMS 0x000000075ac00000| PB 0x000000075ac00000| Untracked |  0
| 215|0x000000075ae00000, 0x000000075ae00000, 0x000000075b000000|  0%| F|  |TAMS 0x000000075ae00000| PB 0x000000075ae00000| Untracked |  0
| 216|0x000000075b000000, 0x000000075b000000, 0x000000075b200000|  0%| F|  |TAMS 0x000000075b000000| PB 0x000000075b000000| Untracked |  0
| 217|0x000000075b200000, 0x000000075b200000, 0x000000075b400000|  0%| F|  |TAMS 0x000000075b200000| PB 0x000000075b200000| Untracked |  0
| 218|0x000000075b400000, 0x000000075b400000, 0x000000075b600000|  0%| F|  |TAMS 0x000000075b400000| PB 0x000000075b400000| Untracked |  0
| 219|0x000000075b600000, 0x000000075b600000, 0x000000075b800000|  0%| F|  |TAMS 0x000000075b600000| PB 0x000000075b600000| Untracked |  0
| 220|0x000000075b800000, 0x000000075b800000, 0x000000075ba00000|  0%| F|  |TAMS 0x000000075b800000| PB 0x000000075b800000| Untracked |  0
| 221|0x000000075ba00000, 0x000000075ba00000, 0x000000075bc00000|  0%| F|  |TAMS 0x000000075ba00000| PB 0x000000075ba00000| Untracked |  0
| 222|0x000000075bc00000, 0x000000075bc00000, 0x000000075be00000|  0%| F|  |TAMS 0x000000075bc00000| PB 0x000000075bc00000| Untracked |  0
| 223|0x000000075be00000, 0x000000075be00000, 0x000000075c000000|  0%| F|  |TAMS 0x000000075be00000| PB 0x000000075be00000| Untracked |  0
| 224|0x000000075c000000, 0x000000075c000000, 0x000000075c200000|  0%| F|  |TAMS 0x000000075c000000| PB 0x000000075c000000| Untracked |  0
| 225|0x000000075c200000, 0x000000075c200000, 0x000000075c400000|  0%| F|  |TAMS 0x000000075c200000| PB 0x000000075c200000| Untracked |  0
| 226|0x000000075c400000, 0x000000075c400000, 0x000000075c600000|  0%| F|  |TAMS 0x000000075c400000| PB 0x000000075c400000| Untracked |  0
| 227|0x000000075c600000, 0x000000075c600000, 0x000000075c800000|  0%| F|  |TAMS 0x000000075c600000| PB 0x000000075c600000| Untracked |  0
| 228|0x000000075c800000, 0x000000075c800000, 0x000000075ca00000|  0%| F|  |TAMS 0x000000075c800000| PB 0x000000075c800000| Untracked |  0
| 229|0x000000075ca00000, 0x000000075ca00000, 0x000000075cc00000|  0%| F|  |TAMS 0x000000075ca00000| PB 0x000000075ca00000| Untracked |  0
| 230|0x000000075cc00000, 0x000000075cc00000, 0x000000075ce00000|  0%| F|  |TAMS 0x000000075cc00000| PB 0x000000075cc00000| Untracked |  0
| 231|0x000000075ce00000, 0x000000075ce00000, 0x000000075d000000|  0%| F|  |TAMS 0x000000075ce00000| PB 0x000000075ce00000| Untracked |  0
| 232|0x000000075d000000, 0x000000075d000000, 0x000000075d200000|  0%| F|  |TAMS 0x000000075d000000| PB 0x000000075d000000| Untracked |  0
| 233|0x000000075d200000, 0x000000075d200000, 0x000000075d400000|  0%| F|  |TAMS 0x000000075d200000| PB 0x000000075d200000| Untracked |  0
| 234|0x000000075d400000, 0x000000075d400000, 0x000000075d600000|  0%| F|  |TAMS 0x000000075d400000| PB 0x000000075d400000| Untracked |  0
| 235|0x000000075d600000, 0x000000075d600000, 0x000000075d800000|  0%| F|  |TAMS 0x000000075d600000| PB 0x000000075d600000| Untracked |  0
| 236|0x000000075d800000, 0x000000075d800000, 0x000000075da00000|  0%| F|  |TAMS 0x000000075d800000| PB 0x000000075d800000| Untracked |  0
| 237|0x000000075da00000, 0x000000075da00000, 0x000000075dc00000|  0%| F|  |TAMS 0x000000075da00000| PB 0x000000075da00000| Untracked |  0
| 238|0x000000075dc00000, 0x000000075dc00000, 0x000000075de00000|  0%| F|  |TAMS 0x000000075dc00000| PB 0x000000075dc00000| Untracked |  0
| 239|0x000000075de00000, 0x000000075de00000, 0x000000075e000000|  0%| F|  |TAMS 0x000000075de00000| PB 0x000000075de00000| Untracked |  0
| 240|0x000000075e000000, 0x000000075e000000, 0x000000075e200000|  0%| F|  |TAMS 0x000000075e000000| PB 0x000000075e000000| Untracked |  0
| 241|0x000000075e200000, 0x000000075e200000, 0x000000075e400000|  0%| F|  |TAMS 0x000000075e200000| PB 0x000000075e200000| Untracked |  0
| 242|0x000000075e400000, 0x000000075e400000, 0x000000075e600000|  0%| F|  |TAMS 0x000000075e400000| PB 0x000000075e400000| Untracked |  0
| 243|0x000000075e600000, 0x000000075e600000, 0x000000075e800000|  0%| F|  |TAMS 0x000000075e600000| PB 0x000000075e600000| Untracked |  0
| 244|0x000000075e800000, 0x000000075e800000, 0x000000075ea00000|  0%| F|  |TAMS 0x000000075e800000| PB 0x000000075e800000| Untracked |  0
| 245|0x000000075ea00000, 0x000000075ea00000, 0x000000075ec00000|  0%| F|  |TAMS 0x000000075ea00000| PB 0x000000075ea00000| Untracked |  0
| 246|0x000000075ec00000, 0x000000075ec00000, 0x000000075ee00000|  0%| F|  |TAMS 0x000000075ec00000| PB 0x000000075ec00000| Untracked |  0
| 247|0x000000075ee00000, 0x000000075ee00000, 0x000000075f000000|  0%| F|  |TAMS 0x000000075ee00000| PB 0x000000075ee00000| Untracked |  0
| 248|0x000000075f000000, 0x000000075f000000, 0x000000075f200000|  0%| F|  |TAMS 0x000000075f000000| PB 0x000000075f000000| Untracked |  0
| 249|0x000000075f200000, 0x000000075f200000, 0x000000075f400000|  0%| F|  |TAMS 0x000000075f200000| PB 0x000000075f200000| Untracked |  0
| 250|0x000000075f400000, 0x000000075f400000, 0x000000075f600000|  0%| F|  |TAMS 0x000000075f400000| PB 0x000000075f400000| Untracked |  0
| 251|0x000000075f600000, 0x000000075f600000, 0x000000075f800000|  0%| F|  |TAMS 0x000000075f600000| PB 0x000000075f600000| Untracked |  0
| 252|0x000000075f800000, 0x000000075f800000, 0x000000075fa00000|  0%| F|  |TAMS 0x000000075f800000| PB 0x000000075f800000| Untracked |  0
| 253|0x000000075fa00000, 0x000000075fa00000, 0x000000075fc00000|  0%| F|  |TAMS 0x000000075fa00000| PB 0x000000075fa00000| Untracked |  0
| 254|0x000000075fc00000, 0x000000075fc00000, 0x000000075fe00000|  0%| F|  |TAMS 0x000000075fc00000| PB 0x000000075fc00000| Untracked |  0
| 255|0x000000075fe00000, 0x000000075fe00000, 0x0000000760000000|  0%| F|  |TAMS 0x000000075fe00000| PB 0x000000075fe00000| Untracked |  0
| 256|0x0000000760000000, 0x0000000760000000, 0x0000000760200000|  0%| F|  |TAMS 0x0000000760000000| PB 0x0000000760000000| Untracked |  0
| 257|0x0000000760200000, 0x0000000760200000, 0x0000000760400000|  0%| F|  |TAMS 0x0000000760200000| PB 0x0000000760200000| Untracked |  0
| 258|0x0000000760400000, 0x0000000760400000, 0x0000000760600000|  0%| F|  |TAMS 0x0000000760400000| PB 0x0000000760400000| Untracked |  0
| 259|0x0000000760600000, 0x0000000760600000, 0x0000000760800000|  0%| F|  |TAMS 0x0000000760600000| PB 0x0000000760600000| Untracked |  0
| 260|0x0000000760800000, 0x0000000760800000, 0x0000000760a00000|  0%| F|  |TAMS 0x0000000760800000| PB 0x0000000760800000| Untracked |  0
| 261|0x0000000760a00000, 0x0000000760a00000, 0x0000000760c00000|  0%| F|  |TAMS 0x0000000760a00000| PB 0x0000000760a00000| Untracked |  0
| 262|0x0000000760c00000, 0x0000000760c00000, 0x0000000760e00000|  0%| F|  |TAMS 0x0000000760c00000| PB 0x0000000760c00000| Untracked |  0
| 263|0x0000000760e00000, 0x0000000760e00000, 0x0000000761000000|  0%| F|  |TAMS 0x0000000760e00000| PB 0x0000000760e00000| Untracked |  0
| 264|0x0000000761000000, 0x0000000761000000, 0x0000000761200000|  0%| F|  |TAMS 0x0000000761000000| PB 0x0000000761000000| Untracked |  0
| 265|0x0000000761200000, 0x0000000761200000, 0x0000000761400000|  0%| F|  |TAMS 0x0000000761200000| PB 0x0000000761200000| Untracked |  0
| 266|0x0000000761400000, 0x0000000761400000, 0x0000000761600000|  0%| F|  |TAMS 0x0000000761400000| PB 0x0000000761400000| Untracked |  0
| 267|0x0000000761600000, 0x0000000761600000, 0x0000000761800000|  0%| F|  |TAMS 0x0000000761600000| PB 0x0000000761600000| Untracked |  0
| 268|0x0000000761800000, 0x0000000761800000, 0x0000000761a00000|  0%| F|  |TAMS 0x0000000761800000| PB 0x0000000761800000| Untracked |  0
| 269|0x0000000761a00000, 0x0000000761a00000, 0x0000000761c00000|  0%| F|  |TAMS 0x0000000761a00000| PB 0x0000000761a00000| Untracked |  0
| 270|0x0000000761c00000, 0x0000000761c00000, 0x0000000761e00000|  0%| F|  |TAMS 0x0000000761c00000| PB 0x0000000761c00000| Untracked |  0
| 271|0x0000000761e00000, 0x0000000761e00000, 0x0000000762000000|  0%| F|  |TAMS 0x0000000761e00000| PB 0x0000000761e00000| Untracked |  0
| 272|0x0000000762000000, 0x0000000762000000, 0x0000000762200000|  0%| F|  |TAMS 0x0000000762000000| PB 0x0000000762000000| Untracked |  0
| 273|0x0000000762200000, 0x0000000762200000, 0x0000000762400000|  0%| F|  |TAMS 0x0000000762200000| PB 0x0000000762200000| Untracked |  0
| 274|0x0000000762400000, 0x0000000762400000, 0x0000000762600000|  0%| F|  |TAMS 0x0000000762400000| PB 0x0000000762400000| Untracked |  0
| 275|0x0000000762600000, 0x0000000762600000, 0x0000000762800000|  0%| F|  |TAMS 0x0000000762600000| PB 0x0000000762600000| Untracked |  0
| 276|0x0000000762800000, 0x0000000762800000, 0x0000000762a00000|  0%| F|  |TAMS 0x0000000762800000| PB 0x0000000762800000| Untracked |  0
| 277|0x0000000762a00000, 0x0000000762a00000, 0x0000000762c00000|  0%| F|  |TAMS 0x0000000762a00000| PB 0x0000000762a00000| Untracked |  0
| 278|0x0000000762c00000, 0x0000000762c00000, 0x0000000762e00000|  0%| F|  |TAMS 0x0000000762c00000| PB 0x0000000762c00000| Untracked |  0
| 279|0x0000000762e00000, 0x0000000762e00000, 0x0000000763000000|  0%| F|  |TAMS 0x0000000762e00000| PB 0x0000000762e00000| Untracked |  0
| 280|0x0000000763000000, 0x0000000763000000, 0x0000000763200000|  0%| F|  |TAMS 0x0000000763000000| PB 0x0000000763000000| Untracked |  0
| 281|0x0000000763200000, 0x0000000763200000, 0x0000000763400000|  0%| F|  |TAMS 0x0000000763200000| PB 0x0000000763200000| Untracked |  0
| 282|0x0000000763400000, 0x0000000763400000, 0x0000000763600000|  0%| F|  |TAMS 0x0000000763400000| PB 0x0000000763400000| Untracked |  0
| 283|0x0000000763600000, 0x0000000763600000, 0x0000000763800000|  0%| F|  |TAMS 0x0000000763600000| PB 0x0000000763600000| Untracked |  0
| 284|0x0000000763800000, 0x0000000763800000, 0x0000000763a00000|  0%| F|  |TAMS 0x0000000763800000| PB 0x0000000763800000| Untracked |  0
| 285|0x0000000763a00000, 0x0000000763a00000, 0x0000000763c00000|  0%| F|  |TAMS 0x0000000763a00000| PB 0x0000000763a00000| Untracked |  0
| 286|0x0000000763c00000, 0x0000000763c00000, 0x0000000763e00000|  0%| F|  |TAMS 0x0000000763c00000| PB 0x0000000763c00000| Untracked |  0
| 287|0x0000000763e00000, 0x0000000763e00000, 0x0000000764000000|  0%| F|  |TAMS 0x0000000763e00000| PB 0x0000000763e00000| Untracked |  0
| 288|0x0000000764000000, 0x0000000764000000, 0x0000000764200000|  0%| F|  |TAMS 0x0000000764000000| PB 0x0000000764000000| Untracked |  0
| 289|0x0000000764200000, 0x0000000764200000, 0x0000000764400000|  0%| F|  |TAMS 0x0000000764200000| PB 0x0000000764200000| Untracked |  0
| 290|0x0000000764400000, 0x0000000764400000, 0x0000000764600000|  0%| F|  |TAMS 0x0000000764400000| PB 0x0000000764400000| Untracked |  0
| 291|0x0000000764600000, 0x0000000764600000, 0x0000000764800000|  0%| F|  |TAMS 0x0000000764600000| PB 0x0000000764600000| Untracked |  0
| 292|0x0000000764800000, 0x0000000764800000, 0x0000000764a00000|  0%| F|  |TAMS 0x0000000764800000| PB 0x0000000764800000| Untracked |  0
| 293|0x0000000764a00000, 0x0000000764a00000, 0x0000000764c00000|  0%| F|  |TAMS 0x0000000764a00000| PB 0x0000000764a00000| Untracked |  0
| 294|0x0000000764c00000, 0x0000000764c00000, 0x0000000764e00000|  0%| F|  |TAMS 0x0000000764c00000| PB 0x0000000764c00000| Untracked |  0
| 295|0x0000000764e00000, 0x0000000764e00000, 0x0000000765000000|  0%| F|  |TAMS 0x0000000764e00000| PB 0x0000000764e00000| Untracked |  0
| 296|0x0000000765000000, 0x0000000765000000, 0x0000000765200000|  0%| F|  |TAMS 0x0000000765000000| PB 0x0000000765000000| Untracked |  0
| 297|0x0000000765200000, 0x0000000765200000, 0x0000000765400000|  0%| F|  |TAMS 0x0000000765200000| PB 0x0000000765200000| Untracked |  0
| 298|0x0000000765400000, 0x0000000765400000, 0x0000000765600000|  0%| F|  |TAMS 0x0000000765400000| PB 0x0000000765400000| Untracked |  0
| 299|0x0000000765600000, 0x0000000765600000, 0x0000000765800000|  0%| F|  |TAMS 0x0000000765600000| PB 0x0000000765600000| Untracked |  0
| 300|0x0000000765800000, 0x0000000765800000, 0x0000000765a00000|  0%| F|  |TAMS 0x0000000765800000| PB 0x0000000765800000| Untracked |  0
| 301|0x0000000765a00000, 0x0000000765a00000, 0x0000000765c00000|  0%| F|  |TAMS 0x0000000765a00000| PB 0x0000000765a00000| Untracked |  0
| 302|0x0000000765c00000, 0x0000000765c00000, 0x0000000765e00000|  0%| F|  |TAMS 0x0000000765c00000| PB 0x0000000765c00000| Untracked |  0
| 303|0x0000000765e00000, 0x0000000765e00000, 0x0000000766000000|  0%| F|  |TAMS 0x0000000765e00000| PB 0x0000000765e00000| Untracked |  0
| 304|0x0000000766000000, 0x0000000766000000, 0x0000000766200000|  0%| F|  |TAMS 0x0000000766000000| PB 0x0000000766000000| Untracked |  0
| 305|0x0000000766200000, 0x0000000766200000, 0x0000000766400000|  0%| F|  |TAMS 0x0000000766200000| PB 0x0000000766200000| Untracked |  0
| 306|0x0000000766400000, 0x0000000766400000, 0x0000000766600000|  0%| F|  |TAMS 0x0000000766400000| PB 0x0000000766400000| Untracked |  0
| 307|0x0000000766600000, 0x0000000766600000, 0x0000000766800000|  0%| F|  |TAMS 0x0000000766600000| PB 0x0000000766600000| Untracked |  0
| 308|0x0000000766800000, 0x0000000766800000, 0x0000000766a00000|  0%| F|  |TAMS 0x0000000766800000| PB 0x0000000766800000| Untracked |  0
| 309|0x0000000766a00000, 0x0000000766a00000, 0x0000000766c00000|  0%| F|  |TAMS 0x0000000766a00000| PB 0x0000000766a00000| Untracked |  0
| 310|0x0000000766c00000, 0x0000000766c00000, 0x0000000766e00000|  0%| F|  |TAMS 0x0000000766c00000| PB 0x0000000766c00000| Untracked |  0
| 311|0x0000000766e00000, 0x0000000766e00000, 0x0000000767000000|  0%| F|  |TAMS 0x0000000766e00000| PB 0x0000000766e00000| Untracked |  0
| 312|0x0000000767000000, 0x0000000767000000, 0x0000000767200000|  0%| F|  |TAMS 0x0000000767000000| PB 0x0000000767000000| Untracked |  0
| 313|0x0000000767200000, 0x0000000767200000, 0x0000000767400000|  0%| F|  |TAMS 0x0000000767200000| PB 0x0000000767200000| Untracked |  0
| 314|0x0000000767400000, 0x0000000767400000, 0x0000000767600000|  0%| F|  |TAMS 0x0000000767400000| PB 0x0000000767400000| Untracked |  0
| 315|0x0000000767600000, 0x0000000767600000, 0x0000000767800000|  0%| F|  |TAMS 0x0000000767600000| PB 0x0000000767600000| Untracked |  0
| 316|0x0000000767800000, 0x0000000767800000, 0x0000000767a00000|  0%| F|  |TAMS 0x0000000767800000| PB 0x0000000767800000| Untracked |  0
| 317|0x0000000767a00000, 0x0000000767a00000, 0x0000000767c00000|  0%| F|  |TAMS 0x0000000767a00000| PB 0x0000000767a00000| Untracked |  0
| 318|0x0000000767c00000, 0x0000000767c00000, 0x0000000767e00000|  0%| F|  |TAMS 0x0000000767c00000| PB 0x0000000767c00000| Untracked |  0
| 319|0x0000000767e00000, 0x0000000767e00000, 0x0000000768000000|  0%| F|  |TAMS 0x0000000767e00000| PB 0x0000000767e00000| Untracked |  0
| 320|0x0000000768000000, 0x0000000768000000, 0x0000000768200000|  0%| F|  |TAMS 0x0000000768000000| PB 0x0000000768000000| Untracked |  0
| 321|0x0000000768200000, 0x0000000768200000, 0x0000000768400000|  0%| F|  |TAMS 0x0000000768200000| PB 0x0000000768200000| Untracked |  0
| 322|0x0000000768400000, 0x0000000768400000, 0x0000000768600000|  0%| F|  |TAMS 0x0000000768400000| PB 0x0000000768400000| Untracked |  0
| 323|0x0000000768600000, 0x0000000768600000, 0x0000000768800000|  0%| F|  |TAMS 0x0000000768600000| PB 0x0000000768600000| Untracked |  0
| 324|0x0000000768800000, 0x0000000768800000, 0x0000000768a00000|  0%| F|  |TAMS 0x0000000768800000| PB 0x0000000768800000| Untracked |  0
| 325|0x0000000768a00000, 0x0000000768a00000, 0x0000000768c00000|  0%| F|  |TAMS 0x0000000768a00000| PB 0x0000000768a00000| Untracked |  0
| 326|0x0000000768c00000, 0x0000000768c00000, 0x0000000768e00000|  0%| F|  |TAMS 0x0000000768c00000| PB 0x0000000768c00000| Untracked |  0
| 327|0x0000000768e00000, 0x0000000768e00000, 0x0000000769000000|  0%| F|  |TAMS 0x0000000768e00000| PB 0x0000000768e00000| Untracked |  0
| 328|0x0000000769000000, 0x0000000769000000, 0x0000000769200000|  0%| F|  |TAMS 0x0000000769000000| PB 0x0000000769000000| Untracked |  0
| 329|0x0000000769200000, 0x0000000769200000, 0x0000000769400000|  0%| F|  |TAMS 0x0000000769200000| PB 0x0000000769200000| Untracked |  0
| 330|0x0000000769400000, 0x0000000769400000, 0x0000000769600000|  0%| F|  |TAMS 0x0000000769400000| PB 0x0000000769400000| Untracked |  0
| 331|0x0000000769600000, 0x0000000769600000, 0x0000000769800000|  0%| F|  |TAMS 0x0000000769600000| PB 0x0000000769600000| Untracked |  0
| 332|0x0000000769800000, 0x0000000769800000, 0x0000000769a00000|  0%| F|  |TAMS 0x0000000769800000| PB 0x0000000769800000| Untracked |  0
| 333|0x0000000769a00000, 0x0000000769a00000, 0x0000000769c00000|  0%| F|  |TAMS 0x0000000769a00000| PB 0x0000000769a00000| Untracked |  0
| 334|0x0000000769c00000, 0x0000000769c00000, 0x0000000769e00000|  0%| F|  |TAMS 0x0000000769c00000| PB 0x0000000769c00000| Untracked |  0
| 335|0x0000000769e00000, 0x0000000769e00000, 0x000000076a000000|  0%| F|  |TAMS 0x0000000769e00000| PB 0x0000000769e00000| Untracked |  0
| 336|0x000000076a000000, 0x000000076a000000, 0x000000076a200000|  0%| F|  |TAMS 0x000000076a000000| PB 0x000000076a000000| Untracked |  0
| 337|0x000000076a200000, 0x000000076a200000, 0x000000076a400000|  0%| F|  |TAMS 0x000000076a200000| PB 0x000000076a200000| Untracked |  0
| 338|0x000000076a400000, 0x000000076a400000, 0x000000076a600000|  0%| F|  |TAMS 0x000000076a400000| PB 0x000000076a400000| Untracked |  0
| 339|0x000000076a600000, 0x000000076a600000, 0x000000076a800000|  0%| F|  |TAMS 0x000000076a600000| PB 0x000000076a600000| Untracked |  0
| 340|0x000000076a800000, 0x000000076a800000, 0x000000076aa00000|  0%| F|  |TAMS 0x000000076a800000| PB 0x000000076a800000| Untracked |  0
| 341|0x000000076aa00000, 0x000000076aa00000, 0x000000076ac00000|  0%| F|  |TAMS 0x000000076aa00000| PB 0x000000076aa00000| Untracked |  0
| 342|0x000000076ac00000, 0x000000076ac00000, 0x000000076ae00000|  0%| F|  |TAMS 0x000000076ac00000| PB 0x000000076ac00000| Untracked |  0
| 343|0x000000076ae00000, 0x000000076ae00000, 0x000000076b000000|  0%| F|  |TAMS 0x000000076ae00000| PB 0x000000076ae00000| Untracked |  0
| 344|0x000000076b000000, 0x000000076b000000, 0x000000076b200000|  0%| F|  |TAMS 0x000000076b000000| PB 0x000000076b000000| Untracked |  0
| 345|0x000000076b200000, 0x000000076b200000, 0x000000076b400000|  0%| F|  |TAMS 0x000000076b200000| PB 0x000000076b200000| Untracked |  0
| 346|0x000000076b400000, 0x000000076b400000, 0x000000076b600000|  0%| F|  |TAMS 0x000000076b400000| PB 0x000000076b400000| Untracked |  0
| 347|0x000000076b600000, 0x000000076b600000, 0x000000076b800000|  0%| F|  |TAMS 0x000000076b600000| PB 0x000000076b600000| Untracked |  0
| 348|0x000000076b800000, 0x000000076b800000, 0x000000076ba00000|  0%| F|  |TAMS 0x000000076b800000| PB 0x000000076b800000| Untracked |  0
| 349|0x000000076ba00000, 0x000000076ba00000, 0x000000076bc00000|  0%| F|  |TAMS 0x000000076ba00000| PB 0x000000076ba00000| Untracked |  0
| 350|0x000000076bc00000, 0x000000076bc00000, 0x000000076be00000|  0%| F|  |TAMS 0x000000076bc00000| PB 0x000000076bc00000| Untracked |  0
| 351|0x000000076be00000, 0x000000076be00000, 0x000000076c000000|  0%| F|  |TAMS 0x000000076be00000| PB 0x000000076be00000| Untracked |  0
| 352|0x000000076c000000, 0x000000076c000000, 0x000000076c200000|  0%| F|  |TAMS 0x000000076c000000| PB 0x000000076c000000| Untracked |  0
| 353|0x000000076c200000, 0x000000076c200000, 0x000000076c400000|  0%| F|  |TAMS 0x000000076c200000| PB 0x000000076c200000| Untracked |  0
| 354|0x000000076c400000, 0x000000076c400000, 0x000000076c600000|  0%| F|  |TAMS 0x000000076c400000| PB 0x000000076c400000| Untracked |  0
| 355|0x000000076c600000, 0x000000076c600000, 0x000000076c800000|  0%| F|  |TAMS 0x000000076c600000| PB 0x000000076c600000| Untracked |  0
| 356|0x000000076c800000, 0x000000076c800000, 0x000000076ca00000|  0%| F|  |TAMS 0x000000076c800000| PB 0x000000076c800000| Untracked |  0
| 357|0x000000076ca00000, 0x000000076ca00000, 0x000000076cc00000|  0%| F|  |TAMS 0x000000076ca00000| PB 0x000000076ca00000| Untracked |  0
| 358|0x000000076cc00000, 0x000000076cc00000, 0x000000076ce00000|  0%| F|  |TAMS 0x000000076cc00000| PB 0x000000076cc00000| Untracked |  0
| 359|0x000000076ce00000, 0x000000076ce00000, 0x000000076d000000|  0%| F|  |TAMS 0x000000076ce00000| PB 0x000000076ce00000| Untracked |  0
| 360|0x000000076d000000, 0x000000076d000000, 0x000000076d200000|  0%| F|  |TAMS 0x000000076d000000| PB 0x000000076d000000| Untracked |  0
| 361|0x000000076d200000, 0x000000076d200000, 0x000000076d400000|  0%| F|  |TAMS 0x000000076d200000| PB 0x000000076d200000| Untracked |  0
| 362|0x000000076d400000, 0x000000076d400000, 0x000000076d600000|  0%| F|  |TAMS 0x000000076d400000| PB 0x000000076d400000| Untracked |  0
| 363|0x000000076d600000, 0x000000076d600000, 0x000000076d800000|  0%| F|  |TAMS 0x000000076d600000| PB 0x000000076d600000| Untracked |  0
| 364|0x000000076d800000, 0x000000076d800000, 0x000000076da00000|  0%| F|  |TAMS 0x000000076d800000| PB 0x000000076d800000| Untracked |  0
| 365|0x000000076da00000, 0x000000076da00000, 0x000000076dc00000|  0%| F|  |TAMS 0x000000076da00000| PB 0x000000076da00000| Untracked |  0
| 366|0x000000076dc00000, 0x000000076dc00000, 0x000000076de00000|  0%| F|  |TAMS 0x000000076dc00000| PB 0x000000076dc00000| Untracked |  0
| 367|0x000000076de00000, 0x000000076de00000, 0x000000076e000000|  0%| F|  |TAMS 0x000000076de00000| PB 0x000000076de00000| Untracked |  0
| 368|0x000000076e000000, 0x000000076e000000, 0x000000076e200000|  0%| F|  |TAMS 0x000000076e000000| PB 0x000000076e000000| Untracked |  0
| 369|0x000000076e200000, 0x000000076e200000, 0x000000076e400000|  0%| F|  |TAMS 0x000000076e200000| PB 0x000000076e200000| Untracked |  0
| 370|0x000000076e400000, 0x000000076e400000, 0x000000076e600000|  0%| F|  |TAMS 0x000000076e400000| PB 0x000000076e400000| Untracked |  0
| 371|0x000000076e600000, 0x000000076e600000, 0x000000076e800000|  0%| F|  |TAMS 0x000000076e600000| PB 0x000000076e600000| Untracked |  0
| 372|0x000000076e800000, 0x000000076e800000, 0x000000076ea00000|  0%| F|  |TAMS 0x000000076e800000| PB 0x000000076e800000| Untracked |  0
| 373|0x000000076ea00000, 0x000000076ea00000, 0x000000076ec00000|  0%| F|  |TAMS 0x000000076ea00000| PB 0x000000076ea00000| Untracked |  0
| 374|0x000000076ec00000, 0x000000076ec00000, 0x000000076ee00000|  0%| F|  |TAMS 0x000000076ec00000| PB 0x000000076ec00000| Untracked |  0
| 375|0x000000076ee00000, 0x000000076ee00000, 0x000000076f000000|  0%| F|  |TAMS 0x000000076ee00000| PB 0x000000076ee00000| Untracked |  0
| 376|0x000000076f000000, 0x000000076f000000, 0x000000076f200000|  0%| F|  |TAMS 0x000000076f000000| PB 0x000000076f000000| Untracked |  0
| 377|0x000000076f200000, 0x000000076f200000, 0x000000076f400000|  0%| F|  |TAMS 0x000000076f200000| PB 0x000000076f200000| Untracked |  0
| 378|0x000000076f400000, 0x000000076f400000, 0x000000076f600000|  0%| F|  |TAMS 0x000000076f400000| PB 0x000000076f400000| Untracked |  0
| 379|0x000000076f600000, 0x000000076f600000, 0x000000076f800000|  0%| F|  |TAMS 0x000000076f600000| PB 0x000000076f600000| Untracked |  0
| 380|0x000000076f800000, 0x000000076f800000, 0x000000076fa00000|  0%| F|  |TAMS 0x000000076f800000| PB 0x000000076f800000| Untracked |  0
| 381|0x000000076fa00000, 0x000000076fa00000, 0x000000076fc00000|  0%| F|  |TAMS 0x000000076fa00000| PB 0x000000076fa00000| Untracked |  0
| 382|0x000000076fc00000, 0x000000076fc00000, 0x000000076fe00000|  0%| F|  |TAMS 0x000000076fc00000| PB 0x000000076fc00000| Untracked |  0
| 383|0x000000076fe00000, 0x000000076fe00000, 0x0000000770000000|  0%| F|  |TAMS 0x000000076fe00000| PB 0x000000076fe00000| Untracked |  0
| 384|0x0000000770000000, 0x0000000770000000, 0x0000000770200000|  0%| F|  |TAMS 0x0000000770000000| PB 0x0000000770000000| Untracked |  0
| 385|0x0000000770200000, 0x0000000770200000, 0x0000000770400000|  0%| F|  |TAMS 0x0000000770200000| PB 0x0000000770200000| Untracked |  0
| 386|0x0000000770400000, 0x0000000770400000, 0x0000000770600000|  0%| F|  |TAMS 0x0000000770400000| PB 0x0000000770400000| Untracked |  0
| 387|0x0000000770600000, 0x0000000770600000, 0x0000000770800000|  0%| F|  |TAMS 0x0000000770600000| PB 0x0000000770600000| Untracked |  0
| 388|0x0000000770800000, 0x0000000770800000, 0x0000000770a00000|  0%| F|  |TAMS 0x0000000770800000| PB 0x0000000770800000| Untracked |  0
| 389|0x0000000770a00000, 0x0000000770a00000, 0x0000000770c00000|  0%| F|  |TAMS 0x0000000770a00000| PB 0x0000000770a00000| Untracked |  0
| 390|0x0000000770c00000, 0x0000000770c00000, 0x0000000770e00000|  0%| F|  |TAMS 0x0000000770c00000| PB 0x0000000770c00000| Untracked |  0
| 391|0x0000000770e00000, 0x0000000770e00000, 0x0000000771000000|  0%| F|  |TAMS 0x0000000770e00000| PB 0x0000000770e00000| Untracked |  0
| 392|0x0000000771000000, 0x0000000771000000, 0x0000000771200000|  0%| F|  |TAMS 0x0000000771000000| PB 0x0000000771000000| Untracked |  0
| 393|0x0000000771200000, 0x0000000771200000, 0x0000000771400000|  0%| F|  |TAMS 0x0000000771200000| PB 0x0000000771200000| Untracked |  0
| 394|0x0000000771400000, 0x0000000771400000, 0x0000000771600000|  0%| F|  |TAMS 0x0000000771400000| PB 0x0000000771400000| Untracked |  0
| 395|0x0000000771600000, 0x0000000771600000, 0x0000000771800000|  0%| F|  |TAMS 0x0000000771600000| PB 0x0000000771600000| Untracked |  0
| 396|0x0000000771800000, 0x0000000771800000, 0x0000000771a00000|  0%| F|  |TAMS 0x0000000771800000| PB 0x0000000771800000| Untracked |  0
| 397|0x0000000771a00000, 0x0000000771a00000, 0x0000000771c00000|  0%| F|  |TAMS 0x0000000771a00000| PB 0x0000000771a00000| Untracked |  0
| 398|0x0000000771c00000, 0x0000000771c00000, 0x0000000771e00000|  0%| F|  |TAMS 0x0000000771c00000| PB 0x0000000771c00000| Untracked |  0
| 399|0x0000000771e00000, 0x0000000771e00000, 0x0000000772000000|  0%| F|  |TAMS 0x0000000771e00000| PB 0x0000000771e00000| Untracked |  0
| 400|0x0000000772000000, 0x0000000772000000, 0x0000000772200000|  0%| F|  |TAMS 0x0000000772000000| PB 0x0000000772000000| Untracked |  0
| 401|0x0000000772200000, 0x0000000772200000, 0x0000000772400000|  0%| F|  |TAMS 0x0000000772200000| PB 0x0000000772200000| Untracked |  0
| 402|0x0000000772400000, 0x0000000772400000, 0x0000000772600000|  0%| F|  |TAMS 0x0000000772400000| PB 0x0000000772400000| Untracked |  0
| 403|0x0000000772600000, 0x0000000772600000, 0x0000000772800000|  0%| F|  |TAMS 0x0000000772600000| PB 0x0000000772600000| Untracked |  0
| 404|0x0000000772800000, 0x0000000772800000, 0x0000000772a00000|  0%| F|  |TAMS 0x0000000772800000| PB 0x0000000772800000| Untracked |  0
| 405|0x0000000772a00000, 0x0000000772a00000, 0x0000000772c00000|  0%| F|  |TAMS 0x0000000772a00000| PB 0x0000000772a00000| Untracked |  0
| 406|0x0000000772c00000, 0x0000000772c00000, 0x0000000772e00000|  0%| F|  |TAMS 0x0000000772c00000| PB 0x0000000772c00000| Untracked |  0
| 407|0x0000000772e00000, 0x0000000772e00000, 0x0000000773000000|  0%| F|  |TAMS 0x0000000772e00000| PB 0x0000000772e00000| Untracked |  0
| 408|0x0000000773000000, 0x0000000773000000, 0x0000000773200000|  0%| F|  |TAMS 0x0000000773000000| PB 0x0000000773000000| Untracked |  0
| 409|0x0000000773200000, 0x0000000773200000, 0x0000000773400000|  0%| F|  |TAMS 0x0000000773200000| PB 0x0000000773200000| Untracked |  0
| 410|0x0000000773400000, 0x0000000773400000, 0x0000000773600000|  0%| F|  |TAMS 0x0000000773400000| PB 0x0000000773400000| Untracked |  0
| 411|0x0000000773600000, 0x0000000773600000, 0x0000000773800000|  0%| F|  |TAMS 0x0000000773600000| PB 0x0000000773600000| Untracked |  0
| 412|0x0000000773800000, 0x0000000773800000, 0x0000000773a00000|  0%| F|  |TAMS 0x0000000773800000| PB 0x0000000773800000| Untracked |  0
| 413|0x0000000773a00000, 0x0000000773a00000, 0x0000000773c00000|  0%| F|  |TAMS 0x0000000773a00000| PB 0x0000000773a00000| Untracked |  0
| 414|0x0000000773c00000, 0x0000000773c00000, 0x0000000773e00000|  0%| F|  |TAMS 0x0000000773c00000| PB 0x0000000773c00000| Untracked |  0
| 415|0x0000000773e00000, 0x0000000773e00000, 0x0000000774000000|  0%| F|  |TAMS 0x0000000773e00000| PB 0x0000000773e00000| Untracked |  0
| 416|0x0000000774000000, 0x0000000774000000, 0x0000000774200000|  0%| F|  |TAMS 0x0000000774000000| PB 0x0000000774000000| Untracked |  0
| 417|0x0000000774200000, 0x0000000774200000, 0x0000000774400000|  0%| F|  |TAMS 0x0000000774200000| PB 0x0000000774200000| Untracked |  0
| 418|0x0000000774400000, 0x0000000774400000, 0x0000000774600000|  0%| F|  |TAMS 0x0000000774400000| PB 0x0000000774400000| Untracked |  0
| 419|0x0000000774600000, 0x0000000774600000, 0x0000000774800000|  0%| F|  |TAMS 0x0000000774600000| PB 0x0000000774600000| Untracked |  0
| 420|0x0000000774800000, 0x0000000774800000, 0x0000000774a00000|  0%| F|  |TAMS 0x0000000774800000| PB 0x0000000774800000| Untracked |  0
| 421|0x0000000774a00000, 0x0000000774a00000, 0x0000000774c00000|  0%| F|  |TAMS 0x0000000774a00000| PB 0x0000000774a00000| Untracked |  0
| 422|0x0000000774c00000, 0x0000000774c00000, 0x0000000774e00000|  0%| F|  |TAMS 0x0000000774c00000| PB 0x0000000774c00000| Untracked |  0
| 423|0x0000000774e00000, 0x0000000774e00000, 0x0000000775000000|  0%| F|  |TAMS 0x0000000774e00000| PB 0x0000000774e00000| Untracked |  0
| 424|0x0000000775000000, 0x0000000775000000, 0x0000000775200000|  0%| F|  |TAMS 0x0000000775000000| PB 0x0000000775000000| Untracked |  0
| 425|0x0000000775200000, 0x0000000775200000, 0x0000000775400000|  0%| F|  |TAMS 0x0000000775200000| PB 0x0000000775200000| Untracked |  0
| 426|0x0000000775400000, 0x0000000775400000, 0x0000000775600000|  0%| F|  |TAMS 0x0000000775400000| PB 0x0000000775400000| Untracked |  0
| 427|0x0000000775600000, 0x0000000775600000, 0x0000000775800000|  0%| F|  |TAMS 0x0000000775600000| PB 0x0000000775600000| Untracked |  0
| 428|0x0000000775800000, 0x0000000775800000, 0x0000000775a00000|  0%| F|  |TAMS 0x0000000775800000| PB 0x0000000775800000| Untracked |  0
| 429|0x0000000775a00000, 0x0000000775a00000, 0x0000000775c00000|  0%| F|  |TAMS 0x0000000775a00000| PB 0x0000000775a00000| Untracked |  0
| 430|0x0000000775c00000, 0x0000000775c00000, 0x0000000775e00000|  0%| F|  |TAMS 0x0000000775c00000| PB 0x0000000775c00000| Untracked |  0
| 431|0x0000000775e00000, 0x0000000775e00000, 0x0000000776000000|  0%| F|  |TAMS 0x0000000775e00000| PB 0x0000000775e00000| Untracked |  0
| 432|0x0000000776000000, 0x0000000776000000, 0x0000000776200000|  0%| F|  |TAMS 0x0000000776000000| PB 0x0000000776000000| Untracked |  0
| 433|0x0000000776200000, 0x0000000776200000, 0x0000000776400000|  0%| F|  |TAMS 0x0000000776200000| PB 0x0000000776200000| Untracked |  0
| 434|0x0000000776400000, 0x0000000776400000, 0x0000000776600000|  0%| F|  |TAMS 0x0000000776400000| PB 0x0000000776400000| Untracked |  0
| 435|0x0000000776600000, 0x0000000776600000, 0x0000000776800000|  0%| F|  |TAMS 0x0000000776600000| PB 0x0000000776600000| Untracked |  0
| 436|0x0000000776800000, 0x0000000776800000, 0x0000000776a00000|  0%| F|  |TAMS 0x0000000776800000| PB 0x0000000776800000| Untracked |  0
| 437|0x0000000776a00000, 0x0000000776a00000, 0x0000000776c00000|  0%| F|  |TAMS 0x0000000776a00000| PB 0x0000000776a00000| Untracked |  0
| 438|0x0000000776c00000, 0x0000000776c00000, 0x0000000776e00000|  0%| F|  |TAMS 0x0000000776c00000| PB 0x0000000776c00000| Untracked |  0
| 439|0x0000000776e00000, 0x0000000776e00000, 0x0000000777000000|  0%| F|  |TAMS 0x0000000776e00000| PB 0x0000000776e00000| Untracked |  0
| 440|0x0000000777000000, 0x0000000777000000, 0x0000000777200000|  0%| F|  |TAMS 0x0000000777000000| PB 0x0000000777000000| Untracked |  0
| 441|0x0000000777200000, 0x0000000777200000, 0x0000000777400000|  0%| F|  |TAMS 0x0000000777200000| PB 0x0000000777200000| Untracked |  0
| 442|0x0000000777400000, 0x0000000777400000, 0x0000000777600000|  0%| F|  |TAMS 0x0000000777400000| PB 0x0000000777400000| Untracked |  0
| 443|0x0000000777600000, 0x0000000777600000, 0x0000000777800000|  0%| F|  |TAMS 0x0000000777600000| PB 0x0000000777600000| Untracked |  0
| 444|0x0000000777800000, 0x0000000777800000, 0x0000000777a00000|  0%| F|  |TAMS 0x0000000777800000| PB 0x0000000777800000| Untracked |  0
| 445|0x0000000777a00000, 0x0000000777a00000, 0x0000000777c00000|  0%| F|  |TAMS 0x0000000777a00000| PB 0x0000000777a00000| Untracked |  0
| 446|0x0000000777c00000, 0x0000000777c00000, 0x0000000777e00000|  0%| F|  |TAMS 0x0000000777c00000| PB 0x0000000777c00000| Untracked |  0
| 447|0x0000000777e00000, 0x0000000777e00000, 0x0000000778000000|  0%| F|  |TAMS 0x0000000777e00000| PB 0x0000000777e00000| Untracked |  0
| 448|0x0000000778000000, 0x0000000778000000, 0x0000000778200000|  0%| F|  |TAMS 0x0000000778000000| PB 0x0000000778000000| Untracked |  0
| 449|0x0000000778200000, 0x0000000778200000, 0x0000000778400000|  0%| F|  |TAMS 0x0000000778200000| PB 0x0000000778200000| Untracked |  0
| 450|0x0000000778400000, 0x0000000778400000, 0x0000000778600000|  0%| F|  |TAMS 0x0000000778400000| PB 0x0000000778400000| Untracked |  0
| 451|0x0000000778600000, 0x0000000778600000, 0x0000000778800000|  0%| F|  |TAMS 0x0000000778600000| PB 0x0000000778600000| Untracked |  0
| 452|0x0000000778800000, 0x0000000778800000, 0x0000000778a00000|  0%| F|  |TAMS 0x0000000778800000| PB 0x0000000778800000| Untracked |  0
| 453|0x0000000778a00000, 0x0000000778a00000, 0x0000000778c00000|  0%| F|  |TAMS 0x0000000778a00000| PB 0x0000000778a00000| Untracked |  0
| 454|0x0000000778c00000, 0x0000000778c00000, 0x0000000778e00000|  0%| F|  |TAMS 0x0000000778c00000| PB 0x0000000778c00000| Untracked |  0
| 455|0x0000000778e00000, 0x0000000778e00000, 0x0000000779000000|  0%| F|  |TAMS 0x0000000778e00000| PB 0x0000000778e00000| Untracked |  0
| 456|0x0000000779000000, 0x0000000779000000, 0x0000000779200000|  0%| F|  |TAMS 0x0000000779000000| PB 0x0000000779000000| Untracked |  0
| 457|0x0000000779200000, 0x0000000779200000, 0x0000000779400000|  0%| F|  |TAMS 0x0000000779200000| PB 0x0000000779200000| Untracked |  0
| 458|0x0000000779400000, 0x0000000779400000, 0x0000000779600000|  0%| F|  |TAMS 0x0000000779400000| PB 0x0000000779400000| Untracked |  0
| 459|0x0000000779600000, 0x0000000779600000, 0x0000000779800000|  0%| F|  |TAMS 0x0000000779600000| PB 0x0000000779600000| Untracked |  0
| 460|0x0000000779800000, 0x0000000779800000, 0x0000000779a00000|  0%| F|  |TAMS 0x0000000779800000| PB 0x0000000779800000| Untracked |  0
| 461|0x0000000779a00000, 0x0000000779a00000, 0x0000000779c00000|  0%| F|  |TAMS 0x0000000779a00000| PB 0x0000000779a00000| Untracked |  0
| 462|0x0000000779c00000, 0x0000000779c00000, 0x0000000779e00000|  0%| F|  |TAMS 0x0000000779c00000| PB 0x0000000779c00000| Untracked |  0
| 463|0x0000000779e00000, 0x0000000779e00000, 0x000000077a000000|  0%| F|  |TAMS 0x0000000779e00000| PB 0x0000000779e00000| Untracked |  0
| 464|0x000000077a000000, 0x000000077a000000, 0x000000077a200000|  0%| F|  |TAMS 0x000000077a000000| PB 0x000000077a000000| Untracked |  0
| 465|0x000000077a200000, 0x000000077a200000, 0x000000077a400000|  0%| F|  |TAMS 0x000000077a200000| PB 0x000000077a200000| Untracked |  0
| 466|0x000000077a400000, 0x000000077a400000, 0x000000077a600000|  0%| F|  |TAMS 0x000000077a400000| PB 0x000000077a400000| Untracked |  0
| 467|0x000000077a600000, 0x000000077a600000, 0x000000077a800000|  0%| F|  |TAMS 0x000000077a600000| PB 0x000000077a600000| Untracked |  0
| 468|0x000000077a800000, 0x000000077a800000, 0x000000077aa00000|  0%| F|  |TAMS 0x000000077a800000| PB 0x000000077a800000| Untracked |  0
| 469|0x000000077aa00000, 0x000000077aa00000, 0x000000077ac00000|  0%| F|  |TAMS 0x000000077aa00000| PB 0x000000077aa00000| Untracked |  0
| 470|0x000000077ac00000, 0x000000077ac00000, 0x000000077ae00000|  0%| F|  |TAMS 0x000000077ac00000| PB 0x000000077ac00000| Untracked |  0
| 471|0x000000077ae00000, 0x000000077ae00000, 0x000000077b000000|  0%| F|  |TAMS 0x000000077ae00000| PB 0x000000077ae00000| Untracked |  0
| 472|0x000000077b000000, 0x000000077b000000, 0x000000077b200000|  0%| F|  |TAMS 0x000000077b000000| PB 0x000000077b000000| Untracked |  0
| 473|0x000000077b200000, 0x000000077b200000, 0x000000077b400000|  0%| F|  |TAMS 0x000000077b200000| PB 0x000000077b200000| Untracked |  0
| 474|0x000000077b400000, 0x000000077b400000, 0x000000077b600000|  0%| F|  |TAMS 0x000000077b400000| PB 0x000000077b400000| Untracked |  0
| 475|0x000000077b600000, 0x000000077b600000, 0x000000077b800000|  0%| F|  |TAMS 0x000000077b600000| PB 0x000000077b600000| Untracked |  0
| 476|0x000000077b800000, 0x000000077b800000, 0x000000077ba00000|  0%| F|  |TAMS 0x000000077b800000| PB 0x000000077b800000| Untracked |  0
| 477|0x000000077ba00000, 0x000000077ba00000, 0x000000077bc00000|  0%| F|  |TAMS 0x000000077ba00000| PB 0x000000077ba00000| Untracked |  0
| 478|0x000000077bc00000, 0x000000077bc00000, 0x000000077be00000|  0%| F|  |TAMS 0x000000077bc00000| PB 0x000000077bc00000| Untracked |  0
| 479|0x000000077be00000, 0x000000077be00000, 0x000000077c000000|  0%| F|  |TAMS 0x000000077be00000| PB 0x000000077be00000| Untracked |  0
| 480|0x000000077c000000, 0x000000077c000000, 0x000000077c200000|  0%| F|  |TAMS 0x000000077c000000| PB 0x000000077c000000| Untracked |  0
| 481|0x000000077c200000, 0x000000077c200000, 0x000000077c400000|  0%| F|  |TAMS 0x000000077c200000| PB 0x000000077c200000| Untracked |  0
| 482|0x000000077c400000, 0x000000077c400000, 0x000000077c600000|  0%| F|  |TAMS 0x000000077c400000| PB 0x000000077c400000| Untracked |  0
| 483|0x000000077c600000, 0x000000077c600000, 0x000000077c800000|  0%| F|  |TAMS 0x000000077c600000| PB 0x000000077c600000| Untracked |  0
| 484|0x000000077c800000, 0x000000077c800000, 0x000000077ca00000|  0%| F|  |TAMS 0x000000077c800000| PB 0x000000077c800000| Untracked |  0
| 485|0x000000077ca00000, 0x000000077ca00000, 0x000000077cc00000|  0%| F|  |TAMS 0x000000077ca00000| PB 0x000000077ca00000| Untracked |  0
| 486|0x000000077cc00000, 0x000000077cc00000, 0x000000077ce00000|  0%| F|  |TAMS 0x000000077cc00000| PB 0x000000077cc00000| Untracked |  0
| 487|0x000000077ce00000, 0x000000077ce00000, 0x000000077d000000|  0%| F|  |TAMS 0x000000077ce00000| PB 0x000000077ce00000| Untracked |  0
| 488|0x000000077d000000, 0x000000077d000000, 0x000000077d200000|  0%| F|  |TAMS 0x000000077d000000| PB 0x000000077d000000| Untracked |  0
| 489|0x000000077d200000, 0x000000077d200000, 0x000000077d400000|  0%| F|  |TAMS 0x000000077d200000| PB 0x000000077d200000| Untracked |  0
| 490|0x000000077d400000, 0x000000077d400000, 0x000000077d600000|  0%| F|  |TAMS 0x000000077d400000| PB 0x000000077d400000| Untracked |  0
| 491|0x000000077d600000, 0x000000077d600000, 0x000000077d800000|  0%| F|  |TAMS 0x000000077d600000| PB 0x000000077d600000| Untracked |  0
| 492|0x000000077d800000, 0x000000077d800000, 0x000000077da00000|  0%| F|  |TAMS 0x000000077d800000| PB 0x000000077d800000| Untracked |  0
| 493|0x000000077da00000, 0x000000077da00000, 0x000000077dc00000|  0%| F|  |TAMS 0x000000077da00000| PB 0x000000077da00000| Untracked |  0
| 494|0x000000077dc00000, 0x000000077dc00000, 0x000000077de00000|  0%| F|  |TAMS 0x000000077dc00000| PB 0x000000077dc00000| Untracked |  0
| 495|0x000000077de00000, 0x000000077de00000, 0x000000077e000000|  0%| F|  |TAMS 0x000000077de00000| PB 0x000000077de00000| Untracked |  0
| 496|0x000000077e000000, 0x000000077e000000, 0x000000077e200000|  0%| F|  |TAMS 0x000000077e000000| PB 0x000000077e000000| Untracked |  0
| 497|0x000000077e200000, 0x000000077e200000, 0x000000077e400000|  0%| F|  |TAMS 0x000000077e200000| PB 0x000000077e200000| Untracked |  0
| 498|0x000000077e400000, 0x000000077e400000, 0x000000077e600000|  0%| F|  |TAMS 0x000000077e400000| PB 0x000000077e400000| Untracked |  0
| 499|0x000000077e600000, 0x000000077e600000, 0x000000077e800000|  0%| F|  |TAMS 0x000000077e600000| PB 0x000000077e600000| Untracked |  0
| 500|0x000000077e800000, 0x000000077e800000, 0x000000077ea00000|  0%| F|  |TAMS 0x000000077e800000| PB 0x000000077e800000| Untracked |  0
| 501|0x000000077ea00000, 0x000000077ea00000, 0x000000077ec00000|  0%| F|  |TAMS 0x000000077ea00000| PB 0x000000077ea00000| Untracked |  0
| 502|0x000000077ec00000, 0x000000077ec00000, 0x000000077ee00000|  0%| F|  |TAMS 0x000000077ec00000| PB 0x000000077ec00000| Untracked |  0
| 503|0x000000077ee00000, 0x000000077ee00000, 0x000000077f000000|  0%| F|  |TAMS 0x000000077ee00000| PB 0x000000077ee00000| Untracked |  0
| 504|0x000000077f000000, 0x000000077f000000, 0x000000077f200000|  0%| F|  |TAMS 0x000000077f000000| PB 0x000000077f000000| Untracked |  0
| 505|0x000000077f200000, 0x000000077f200000, 0x000000077f400000|  0%| F|  |TAMS 0x000000077f200000| PB 0x000000077f200000| Untracked |  0
| 506|0x000000077f400000, 0x000000077f400000, 0x000000077f600000|  0%| F|  |TAMS 0x000000077f400000| PB 0x000000077f400000| Untracked |  0
| 507|0x000000077f600000, 0x000000077f600000, 0x000000077f800000|  0%| F|  |TAMS 0x000000077f600000| PB 0x000000077f600000| Untracked |  0
| 508|0x000000077f800000, 0x000000077f800000, 0x000000077fa00000|  0%| F|  |TAMS 0x000000077f800000| PB 0x000000077f800000| Untracked |  0
| 509|0x000000077fa00000, 0x000000077fa00000, 0x000000077fc00000|  0%| F|  |TAMS 0x000000077fa00000| PB 0x000000077fa00000| Untracked |  0
| 510|0x000000077fc00000, 0x000000077fc00000, 0x000000077fe00000|  0%| F|  |TAMS 0x000000077fc00000| PB 0x000000077fc00000| Untracked |  0
| 511|0x000000077fe00000, 0x000000077fe00000, 0x0000000780000000|  0%| F|  |TAMS 0x000000077fe00000| PB 0x000000077fe00000| Untracked |  0
| 512|0x0000000780000000, 0x0000000780000000, 0x0000000780200000|  0%| F|  |TAMS 0x0000000780000000| PB 0x0000000780000000| Untracked |  0
| 513|0x0000000780200000, 0x0000000780200000, 0x0000000780400000|  0%| F|  |TAMS 0x0000000780200000| PB 0x0000000780200000| Untracked |  0
| 514|0x0000000780400000, 0x0000000780400000, 0x0000000780600000|  0%| F|  |TAMS 0x0000000780400000| PB 0x0000000780400000| Untracked |  0
| 515|0x0000000780600000, 0x0000000780600000, 0x0000000780800000|  0%| F|  |TAMS 0x0000000780600000| PB 0x0000000780600000| Untracked |  0
| 516|0x0000000780800000, 0x0000000780800000, 0x0000000780a00000|  0%| F|  |TAMS 0x0000000780800000| PB 0x0000000780800000| Untracked |  0
| 517|0x0000000780a00000, 0x0000000780a00000, 0x0000000780c00000|  0%| F|  |TAMS 0x0000000780a00000| PB 0x0000000780a00000| Untracked |  0
| 518|0x0000000780c00000, 0x0000000780c00000, 0x0000000780e00000|  0%| F|  |TAMS 0x0000000780c00000| PB 0x0000000780c00000| Untracked |  0
| 519|0x0000000780e00000, 0x0000000780e00000, 0x0000000781000000|  0%| F|  |TAMS 0x0000000780e00000| PB 0x0000000780e00000| Untracked |  0
| 520|0x0000000781000000, 0x0000000781000000, 0x0000000781200000|  0%| F|  |TAMS 0x0000000781000000| PB 0x0000000781000000| Untracked |  0
| 521|0x0000000781200000, 0x0000000781200000, 0x0000000781400000|  0%| F|  |TAMS 0x0000000781200000| PB 0x0000000781200000| Untracked |  0
| 522|0x0000000781400000, 0x0000000781400000, 0x0000000781600000|  0%| F|  |TAMS 0x0000000781400000| PB 0x0000000781400000| Untracked |  0
| 523|0x0000000781600000, 0x0000000781600000, 0x0000000781800000|  0%| F|  |TAMS 0x0000000781600000| PB 0x0000000781600000| Untracked |  0
| 524|0x0000000781800000, 0x0000000781800000, 0x0000000781a00000|  0%| F|  |TAMS 0x0000000781800000| PB 0x0000000781800000| Untracked |  0
| 525|0x0000000781a00000, 0x0000000781a00000, 0x0000000781c00000|  0%| F|  |TAMS 0x0000000781a00000| PB 0x0000000781a00000| Untracked |  0
| 526|0x0000000781c00000, 0x0000000781c00000, 0x0000000781e00000|  0%| F|  |TAMS 0x0000000781c00000| PB 0x0000000781c00000| Untracked |  0
| 527|0x0000000781e00000, 0x0000000781e00000, 0x0000000782000000|  0%| F|  |TAMS 0x0000000781e00000| PB 0x0000000781e00000| Untracked |  0
| 528|0x0000000782000000, 0x0000000782000000, 0x0000000782200000|  0%| F|  |TAMS 0x0000000782000000| PB 0x0000000782000000| Untracked |  0
| 529|0x0000000782200000, 0x0000000782200000, 0x0000000782400000|  0%| F|  |TAMS 0x0000000782200000| PB 0x0000000782200000| Untracked |  0
| 530|0x0000000782400000, 0x0000000782400000, 0x0000000782600000|  0%| F|  |TAMS 0x0000000782400000| PB 0x0000000782400000| Untracked |  0
| 531|0x0000000782600000, 0x0000000782600000, 0x0000000782800000|  0%| F|  |TAMS 0x0000000782600000| PB 0x0000000782600000| Untracked |  0
| 532|0x0000000782800000, 0x0000000782800000, 0x0000000782a00000|  0%| F|  |TAMS 0x0000000782800000| PB 0x0000000782800000| Untracked |  0
| 533|0x0000000782a00000, 0x0000000782a00000, 0x0000000782c00000|  0%| F|  |TAMS 0x0000000782a00000| PB 0x0000000782a00000| Untracked |  0
| 534|0x0000000782c00000, 0x0000000782c00000, 0x0000000782e00000|  0%| F|  |TAMS 0x0000000782c00000| PB 0x0000000782c00000| Untracked |  0
| 535|0x0000000782e00000, 0x0000000782e00000, 0x0000000783000000|  0%| F|  |TAMS 0x0000000782e00000| PB 0x0000000782e00000| Untracked |  0
| 536|0x0000000783000000, 0x0000000783000000, 0x0000000783200000|  0%| F|  |TAMS 0x0000000783000000| PB 0x0000000783000000| Untracked |  0
| 537|0x0000000783200000, 0x0000000783200000, 0x0000000783400000|  0%| F|  |TAMS 0x0000000783200000| PB 0x0000000783200000| Untracked |  0
| 538|0x0000000783400000, 0x0000000783400000, 0x0000000783600000|  0%| F|  |TAMS 0x0000000783400000| PB 0x0000000783400000| Untracked |  0
| 539|0x0000000783600000, 0x0000000783600000, 0x0000000783800000|  0%| F|  |TAMS 0x0000000783600000| PB 0x0000000783600000| Untracked |  0
| 540|0x0000000783800000, 0x0000000783800000, 0x0000000783a00000|  0%| F|  |TAMS 0x0000000783800000| PB 0x0000000783800000| Untracked |  0
| 541|0x0000000783a00000, 0x0000000783a00000, 0x0000000783c00000|  0%| F|  |TAMS 0x0000000783a00000| PB 0x0000000783a00000| Untracked |  0
| 542|0x0000000783c00000, 0x0000000783c00000, 0x0000000783e00000|  0%| F|  |TAMS 0x0000000783c00000| PB 0x0000000783c00000| Untracked |  0
| 543|0x0000000783e00000, 0x0000000783e00000, 0x0000000784000000|  0%| F|  |TAMS 0x0000000783e00000| PB 0x0000000783e00000| Untracked |  0
| 544|0x0000000784000000, 0x0000000784000000, 0x0000000784200000|  0%| F|  |TAMS 0x0000000784000000| PB 0x0000000784000000| Untracked |  0
| 545|0x0000000784200000, 0x0000000784200000, 0x0000000784400000|  0%| F|  |TAMS 0x0000000784200000| PB 0x0000000784200000| Untracked |  0
| 546|0x0000000784400000, 0x0000000784400000, 0x0000000784600000|  0%| F|  |TAMS 0x0000000784400000| PB 0x0000000784400000| Untracked |  0
| 547|0x0000000784600000, 0x0000000784600000, 0x0000000784800000|  0%| F|  |TAMS 0x0000000784600000| PB 0x0000000784600000| Untracked |  0
| 548|0x0000000784800000, 0x0000000784800000, 0x0000000784a00000|  0%| F|  |TAMS 0x0000000784800000| PB 0x0000000784800000| Untracked |  0
| 549|0x0000000784a00000, 0x0000000784a00000, 0x0000000784c00000|  0%| F|  |TAMS 0x0000000784a00000| PB 0x0000000784a00000| Untracked |  0
| 550|0x0000000784c00000, 0x0000000784c00000, 0x0000000784e00000|  0%| F|  |TAMS 0x0000000784c00000| PB 0x0000000784c00000| Untracked |  0
| 551|0x0000000784e00000, 0x0000000784e00000, 0x0000000785000000|  0%| F|  |TAMS 0x0000000784e00000| PB 0x0000000784e00000| Untracked |  0
| 552|0x0000000785000000, 0x0000000785000000, 0x0000000785200000|  0%| F|  |TAMS 0x0000000785000000| PB 0x0000000785000000| Untracked |  0
| 553|0x0000000785200000, 0x0000000785200000, 0x0000000785400000|  0%| F|  |TAMS 0x0000000785200000| PB 0x0000000785200000| Untracked |  0
| 554|0x0000000785400000, 0x0000000785400000, 0x0000000785600000|  0%| F|  |TAMS 0x0000000785400000| PB 0x0000000785400000| Untracked |  0
| 555|0x0000000785600000, 0x0000000785600000, 0x0000000785800000|  0%| F|  |TAMS 0x0000000785600000| PB 0x0000000785600000| Untracked |  0
| 556|0x0000000785800000, 0x0000000785800000, 0x0000000785a00000|  0%| F|  |TAMS 0x0000000785800000| PB 0x0000000785800000| Untracked |  0
| 557|0x0000000785a00000, 0x0000000785a00000, 0x0000000785c00000|  0%| F|  |TAMS 0x0000000785a00000| PB 0x0000000785a00000| Untracked |  0
| 558|0x0000000785c00000, 0x0000000785c00000, 0x0000000785e00000|  0%| F|  |TAMS 0x0000000785c00000| PB 0x0000000785c00000| Untracked |  0
| 559|0x0000000785e00000, 0x0000000785e00000, 0x0000000786000000|  0%| F|  |TAMS 0x0000000785e00000| PB 0x0000000785e00000| Untracked |  0
| 560|0x0000000786000000, 0x0000000786000000, 0x0000000786200000|  0%| F|  |TAMS 0x0000000786000000| PB 0x0000000786000000| Untracked |  0
| 561|0x0000000786200000, 0x0000000786200000, 0x0000000786400000|  0%| F|  |TAMS 0x0000000786200000| PB 0x0000000786200000| Untracked |  0
| 562|0x0000000786400000, 0x0000000786400000, 0x0000000786600000|  0%| F|  |TAMS 0x0000000786400000| PB 0x0000000786400000| Untracked |  0
| 563|0x0000000786600000, 0x0000000786600000, 0x0000000786800000|  0%| F|  |TAMS 0x0000000786600000| PB 0x0000000786600000| Untracked |  0
| 564|0x0000000786800000, 0x0000000786800000, 0x0000000786a00000|  0%| F|  |TAMS 0x0000000786800000| PB 0x0000000786800000| Untracked |  0
| 565|0x0000000786a00000, 0x0000000786a00000, 0x0000000786c00000|  0%| F|  |TAMS 0x0000000786a00000| PB 0x0000000786a00000| Untracked |  0
| 566|0x0000000786c00000, 0x0000000786c00000, 0x0000000786e00000|  0%| F|  |TAMS 0x0000000786c00000| PB 0x0000000786c00000| Untracked |  0
| 567|0x0000000786e00000, 0x0000000786e00000, 0x0000000787000000|  0%| F|  |TAMS 0x0000000786e00000| PB 0x0000000786e00000| Untracked |  0
| 568|0x0000000787000000, 0x0000000787000000, 0x0000000787200000|  0%| F|  |TAMS 0x0000000787000000| PB 0x0000000787000000| Untracked |  0
| 569|0x0000000787200000, 0x0000000787200000, 0x0000000787400000|  0%| F|  |TAMS 0x0000000787200000| PB 0x0000000787200000| Untracked |  0
| 570|0x0000000787400000, 0x0000000787400000, 0x0000000787600000|  0%| F|  |TAMS 0x0000000787400000| PB 0x0000000787400000| Untracked |  0
| 571|0x0000000787600000, 0x0000000787600000, 0x0000000787800000|  0%| F|  |TAMS 0x0000000787600000| PB 0x0000000787600000| Untracked |  0
| 572|0x0000000787800000, 0x0000000787800000, 0x0000000787a00000|  0%| F|  |TAMS 0x0000000787800000| PB 0x0000000787800000| Untracked |  0
| 573|0x0000000787a00000, 0x0000000787a00000, 0x0000000787c00000|  0%| F|  |TAMS 0x0000000787a00000| PB 0x0000000787a00000| Untracked |  0
| 574|0x0000000787c00000, 0x0000000787c00000, 0x0000000787e00000|  0%| F|  |TAMS 0x0000000787c00000| PB 0x0000000787c00000| Untracked |  0
| 575|0x0000000787e00000, 0x0000000787e00000, 0x0000000788000000|  0%| F|  |TAMS 0x0000000787e00000| PB 0x0000000787e00000| Untracked |  0
| 576|0x0000000788000000, 0x0000000788000000, 0x0000000788200000|  0%| F|  |TAMS 0x0000000788000000| PB 0x0000000788000000| Untracked |  0
| 577|0x0000000788200000, 0x0000000788200000, 0x0000000788400000|  0%| F|  |TAMS 0x0000000788200000| PB 0x0000000788200000| Untracked |  0
| 578|0x0000000788400000, 0x0000000788400000, 0x0000000788600000|  0%| F|  |TAMS 0x0000000788400000| PB 0x0000000788400000| Untracked |  0
| 579|0x0000000788600000, 0x0000000788600000, 0x0000000788800000|  0%| F|  |TAMS 0x0000000788600000| PB 0x0000000788600000| Untracked |  0
| 580|0x0000000788800000, 0x0000000788800000, 0x0000000788a00000|  0%| F|  |TAMS 0x0000000788800000| PB 0x0000000788800000| Untracked |  0
| 581|0x0000000788a00000, 0x0000000788a00000, 0x0000000788c00000|  0%| F|  |TAMS 0x0000000788a00000| PB 0x0000000788a00000| Untracked |  0
| 582|0x0000000788c00000, 0x0000000788c00000, 0x0000000788e00000|  0%| F|  |TAMS 0x0000000788c00000| PB 0x0000000788c00000| Untracked |  0
| 583|0x0000000788e00000, 0x0000000788e00000, 0x0000000789000000|  0%| F|  |TAMS 0x0000000788e00000| PB 0x0000000788e00000| Untracked |  0
| 584|0x0000000789000000, 0x0000000789000000, 0x0000000789200000|  0%| F|  |TAMS 0x0000000789000000| PB 0x0000000789000000| Untracked |  0
| 585|0x0000000789200000, 0x0000000789200000, 0x0000000789400000|  0%| F|  |TAMS 0x0000000789200000| PB 0x0000000789200000| Untracked |  0
| 586|0x0000000789400000, 0x0000000789400000, 0x0000000789600000|  0%| F|  |TAMS 0x0000000789400000| PB 0x0000000789400000| Untracked |  0
| 587|0x0000000789600000, 0x0000000789600000, 0x0000000789800000|  0%| F|  |TAMS 0x0000000789600000| PB 0x0000000789600000| Untracked |  0
| 588|0x0000000789800000, 0x0000000789800000, 0x0000000789a00000|  0%| F|  |TAMS 0x0000000789800000| PB 0x0000000789800000| Untracked |  0
| 589|0x0000000789a00000, 0x0000000789a00000, 0x0000000789c00000|  0%| F|  |TAMS 0x0000000789a00000| PB 0x0000000789a00000| Untracked |  0
| 590|0x0000000789c00000, 0x0000000789c00000, 0x0000000789e00000|  0%| F|  |TAMS 0x0000000789c00000| PB 0x0000000789c00000| Untracked |  0
| 591|0x0000000789e00000, 0x0000000789e00000, 0x000000078a000000|  0%| F|  |TAMS 0x0000000789e00000| PB 0x0000000789e00000| Untracked |  0
| 592|0x000000078a000000, 0x000000078a000000, 0x000000078a200000|  0%| F|  |TAMS 0x000000078a000000| PB 0x000000078a000000| Untracked |  0
| 593|0x000000078a200000, 0x000000078a200000, 0x000000078a400000|  0%| F|  |TAMS 0x000000078a200000| PB 0x000000078a200000| Untracked |  0
| 594|0x000000078a400000, 0x000000078a400000, 0x000000078a600000|  0%| F|  |TAMS 0x000000078a400000| PB 0x000000078a400000| Untracked |  0
| 595|0x000000078a600000, 0x000000078a600000, 0x000000078a800000|  0%| F|  |TAMS 0x000000078a600000| PB 0x000000078a600000| Untracked |  0
| 596|0x000000078a800000, 0x000000078a800000, 0x000000078aa00000|  0%| F|  |TAMS 0x000000078a800000| PB 0x000000078a800000| Untracked |  0
| 597|0x000000078aa00000, 0x000000078aa00000, 0x000000078ac00000|  0%| F|  |TAMS 0x000000078aa00000| PB 0x000000078aa00000| Untracked |  0
| 598|0x000000078ac00000, 0x000000078ac00000, 0x000000078ae00000|  0%| F|  |TAMS 0x000000078ac00000| PB 0x000000078ac00000| Untracked |  0
| 599|0x000000078ae00000, 0x000000078ae00000, 0x000000078b000000|  0%| F|  |TAMS 0x000000078ae00000| PB 0x000000078ae00000| Untracked |  0
| 600|0x000000078b000000, 0x000000078b000000, 0x000000078b200000|  0%| F|  |TAMS 0x000000078b000000| PB 0x000000078b000000| Untracked |  0
| 601|0x000000078b200000, 0x000000078b200000, 0x000000078b400000|  0%| F|  |TAMS 0x000000078b200000| PB 0x000000078b200000| Untracked |  0
| 602|0x000000078b400000, 0x000000078b400000, 0x000000078b600000|  0%| F|  |TAMS 0x000000078b400000| PB 0x000000078b400000| Untracked |  0
| 603|0x000000078b600000, 0x000000078b600000, 0x000000078b800000|  0%| F|  |TAMS 0x000000078b600000| PB 0x000000078b600000| Untracked |  0
| 604|0x000000078b800000, 0x000000078b800000, 0x000000078ba00000|  0%| F|  |TAMS 0x000000078b800000| PB 0x000000078b800000| Untracked |  0
| 605|0x000000078ba00000, 0x000000078ba00000, 0x000000078bc00000|  0%| F|  |TAMS 0x000000078ba00000| PB 0x000000078ba00000| Untracked |  0
| 606|0x000000078bc00000, 0x000000078bc00000, 0x000000078be00000|  0%| F|  |TAMS 0x000000078bc00000| PB 0x000000078bc00000| Untracked |  0
| 607|0x000000078be00000, 0x000000078be00000, 0x000000078c000000|  0%| F|  |TAMS 0x000000078be00000| PB 0x000000078be00000| Untracked |  0
| 608|0x000000078c000000, 0x000000078c000000, 0x000000078c200000|  0%| F|  |TAMS 0x000000078c000000| PB 0x000000078c000000| Untracked |  0
| 609|0x000000078c200000, 0x000000078c200000, 0x000000078c400000|  0%| F|  |TAMS 0x000000078c200000| PB 0x000000078c200000| Untracked |  0
| 610|0x000000078c400000, 0x000000078c400000, 0x000000078c600000|  0%| F|  |TAMS 0x000000078c400000| PB 0x000000078c400000| Untracked |  0
| 611|0x000000078c600000, 0x000000078c600000, 0x000000078c800000|  0%| F|  |TAMS 0x000000078c600000| PB 0x000000078c600000| Untracked |  0
| 612|0x000000078c800000, 0x000000078c800000, 0x000000078ca00000|  0%| F|  |TAMS 0x000000078c800000| PB 0x000000078c800000| Untracked |  0
| 613|0x000000078ca00000, 0x000000078ca00000, 0x000000078cc00000|  0%| F|  |TAMS 0x000000078ca00000| PB 0x000000078ca00000| Untracked |  0
| 614|0x000000078cc00000, 0x000000078cc00000, 0x000000078ce00000|  0%| F|  |TAMS 0x000000078cc00000| PB 0x000000078cc00000| Untracked |  0
| 615|0x000000078ce00000, 0x000000078ce00000, 0x000000078d000000|  0%| F|  |TAMS 0x000000078ce00000| PB 0x000000078ce00000| Untracked |  0
| 616|0x000000078d000000, 0x000000078d000000, 0x000000078d200000|  0%| F|  |TAMS 0x000000078d000000| PB 0x000000078d000000| Untracked |  0
| 617|0x000000078d200000, 0x000000078d200000, 0x000000078d400000|  0%| F|  |TAMS 0x000000078d200000| PB 0x000000078d200000| Untracked |  0
| 618|0x000000078d400000, 0x000000078d400000, 0x000000078d600000|  0%| F|  |TAMS 0x000000078d400000| PB 0x000000078d400000| Untracked |  0
| 619|0x000000078d600000, 0x000000078d600000, 0x000000078d800000|  0%| F|  |TAMS 0x000000078d600000| PB 0x000000078d600000| Untracked |  0
| 620|0x000000078d800000, 0x000000078d800000, 0x000000078da00000|  0%| F|  |TAMS 0x000000078d800000| PB 0x000000078d800000| Untracked |  0
| 621|0x000000078da00000, 0x000000078da00000, 0x000000078dc00000|  0%| F|  |TAMS 0x000000078da00000| PB 0x000000078da00000| Untracked |  0
| 622|0x000000078dc00000, 0x000000078dc00000, 0x000000078de00000|  0%| F|  |TAMS 0x000000078dc00000| PB 0x000000078dc00000| Untracked |  0
| 623|0x000000078de00000, 0x000000078de00000, 0x000000078e000000|  0%| F|  |TAMS 0x000000078de00000| PB 0x000000078de00000| Untracked |  0
| 624|0x000000078e000000, 0x000000078e000000, 0x000000078e200000|  0%| F|  |TAMS 0x000000078e000000| PB 0x000000078e000000| Untracked |  0
| 625|0x000000078e200000, 0x000000078e200000, 0x000000078e400000|  0%| F|  |TAMS 0x000000078e200000| PB 0x000000078e200000| Untracked |  0
| 626|0x000000078e400000, 0x000000078e400000, 0x000000078e600000|  0%| F|  |TAMS 0x000000078e400000| PB 0x000000078e400000| Untracked |  0
| 627|0x000000078e600000, 0x000000078e600000, 0x000000078e800000|  0%| F|  |TAMS 0x000000078e600000| PB 0x000000078e600000| Untracked |  0
| 628|0x000000078e800000, 0x000000078e800000, 0x000000078ea00000|  0%| F|  |TAMS 0x000000078e800000| PB 0x000000078e800000| Untracked |  0
| 629|0x000000078ea00000, 0x000000078ea00000, 0x000000078ec00000|  0%| F|  |TAMS 0x000000078ea00000| PB 0x000000078ea00000| Untracked |  0
| 630|0x000000078ec00000, 0x000000078ec00000, 0x000000078ee00000|  0%| F|  |TAMS 0x000000078ec00000| PB 0x000000078ec00000| Untracked |  0
| 631|0x000000078ee00000, 0x000000078ee00000, 0x000000078f000000|  0%| F|  |TAMS 0x000000078ee00000| PB 0x000000078ee00000| Untracked |  0
| 632|0x000000078f000000, 0x000000078f000000, 0x000000078f200000|  0%| F|  |TAMS 0x000000078f000000| PB 0x000000078f000000| Untracked |  0
| 633|0x000000078f200000, 0x000000078f200000, 0x000000078f400000|  0%| F|  |TAMS 0x000000078f200000| PB 0x000000078f200000| Untracked |  0
| 634|0x000000078f400000, 0x000000078f400000, 0x000000078f600000|  0%| F|  |TAMS 0x000000078f400000| PB 0x000000078f400000| Untracked |  0
| 635|0x000000078f600000, 0x000000078f600000, 0x000000078f800000|  0%| F|  |TAMS 0x000000078f600000| PB 0x000000078f600000| Untracked |  0
| 636|0x000000078f800000, 0x000000078f800000, 0x000000078fa00000|  0%| F|  |TAMS 0x000000078f800000| PB 0x000000078f800000| Untracked |  0
| 637|0x000000078fa00000, 0x000000078fa00000, 0x000000078fc00000|  0%| F|  |TAMS 0x000000078fa00000| PB 0x000000078fa00000| Untracked |  0
| 638|0x000000078fc00000, 0x000000078fc00000, 0x000000078fe00000|  0%| F|  |TAMS 0x000000078fc00000| PB 0x000000078fc00000| Untracked |  0
| 639|0x000000078fe00000, 0x000000078fe00000, 0x0000000790000000|  0%| F|  |TAMS 0x000000078fe00000| PB 0x000000078fe00000| Untracked |  0
| 640|0x0000000790000000, 0x0000000790000000, 0x0000000790200000|  0%| F|  |TAMS 0x0000000790000000| PB 0x0000000790000000| Untracked |  0
| 641|0x0000000790200000, 0x0000000790200000, 0x0000000790400000|  0%| F|  |TAMS 0x0000000790200000| PB 0x0000000790200000| Untracked |  0
| 642|0x0000000790400000, 0x0000000790400000, 0x0000000790600000|  0%| F|  |TAMS 0x0000000790400000| PB 0x0000000790400000| Untracked |  0
| 643|0x0000000790600000, 0x0000000790600000, 0x0000000790800000|  0%| F|  |TAMS 0x0000000790600000| PB 0x0000000790600000| Untracked |  0
| 644|0x0000000790800000, 0x0000000790800000, 0x0000000790a00000|  0%| F|  |TAMS 0x0000000790800000| PB 0x0000000790800000| Untracked |  0
| 645|0x0000000790a00000, 0x0000000790a00000, 0x0000000790c00000|  0%| F|  |TAMS 0x0000000790a00000| PB 0x0000000790a00000| Untracked |  0
| 646|0x0000000790c00000, 0x0000000790c00000, 0x0000000790e00000|  0%| F|  |TAMS 0x0000000790c00000| PB 0x0000000790c00000| Untracked |  0
| 647|0x0000000790e00000, 0x0000000790e00000, 0x0000000791000000|  0%| F|  |TAMS 0x0000000790e00000| PB 0x0000000790e00000| Untracked |  0
| 648|0x0000000791000000, 0x0000000791000000, 0x0000000791200000|  0%| F|  |TAMS 0x0000000791000000| PB 0x0000000791000000| Untracked |  0
| 649|0x0000000791200000, 0x0000000791200000, 0x0000000791400000|  0%| F|  |TAMS 0x0000000791200000| PB 0x0000000791200000| Untracked |  0
| 650|0x0000000791400000, 0x0000000791400000, 0x0000000791600000|  0%| F|  |TAMS 0x0000000791400000| PB 0x0000000791400000| Untracked |  0
| 651|0x0000000791600000, 0x0000000791600000, 0x0000000791800000|  0%| F|  |TAMS 0x0000000791600000| PB 0x0000000791600000| Untracked |  0
| 652|0x0000000791800000, 0x0000000791800000, 0x0000000791a00000|  0%| F|  |TAMS 0x0000000791800000| PB 0x0000000791800000| Untracked |  0
| 653|0x0000000791a00000, 0x0000000791a00000, 0x0000000791c00000|  0%| F|  |TAMS 0x0000000791a00000| PB 0x0000000791a00000| Untracked |  0
| 654|0x0000000791c00000, 0x0000000791c00000, 0x0000000791e00000|  0%| F|  |TAMS 0x0000000791c00000| PB 0x0000000791c00000| Untracked |  0
| 655|0x0000000791e00000, 0x0000000791e00000, 0x0000000792000000|  0%| F|  |TAMS 0x0000000791e00000| PB 0x0000000791e00000| Untracked |  0
| 656|0x0000000792000000, 0x0000000792000000, 0x0000000792200000|  0%| F|  |TAMS 0x0000000792000000| PB 0x0000000792000000| Untracked |  0
| 657|0x0000000792200000, 0x0000000792200000, 0x0000000792400000|  0%| F|  |TAMS 0x0000000792200000| PB 0x0000000792200000| Untracked |  0
| 658|0x0000000792400000, 0x0000000792400000, 0x0000000792600000|  0%| F|  |TAMS 0x0000000792400000| PB 0x0000000792400000| Untracked |  0
| 659|0x0000000792600000, 0x0000000792600000, 0x0000000792800000|  0%| F|  |TAMS 0x0000000792600000| PB 0x0000000792600000| Untracked |  0
| 660|0x0000000792800000, 0x0000000792800000, 0x0000000792a00000|  0%| F|  |TAMS 0x0000000792800000| PB 0x0000000792800000| Untracked |  0
| 661|0x0000000792a00000, 0x0000000792a00000, 0x0000000792c00000|  0%| F|  |TAMS 0x0000000792a00000| PB 0x0000000792a00000| Untracked |  0
| 662|0x0000000792c00000, 0x0000000792c00000, 0x0000000792e00000|  0%| F|  |TAMS 0x0000000792c00000| PB 0x0000000792c00000| Untracked |  0
| 663|0x0000000792e00000, 0x0000000792e00000, 0x0000000793000000|  0%| F|  |TAMS 0x0000000792e00000| PB 0x0000000792e00000| Untracked |  0
| 664|0x0000000793000000, 0x0000000793000000, 0x0000000793200000|  0%| F|  |TAMS 0x0000000793000000| PB 0x0000000793000000| Untracked |  0
| 665|0x0000000793200000, 0x0000000793200000, 0x0000000793400000|  0%| F|  |TAMS 0x0000000793200000| PB 0x0000000793200000| Untracked |  0
| 666|0x0000000793400000, 0x0000000793400000, 0x0000000793600000|  0%| F|  |TAMS 0x0000000793400000| PB 0x0000000793400000| Untracked |  0
| 667|0x0000000793600000, 0x0000000793600000, 0x0000000793800000|  0%| F|  |TAMS 0x0000000793600000| PB 0x0000000793600000| Untracked |  0
| 668|0x0000000793800000, 0x0000000793800000, 0x0000000793a00000|  0%| F|  |TAMS 0x0000000793800000| PB 0x0000000793800000| Untracked |  0
| 669|0x0000000793a00000, 0x0000000793a00000, 0x0000000793c00000|  0%| F|  |TAMS 0x0000000793a00000| PB 0x0000000793a00000| Untracked |  0
| 670|0x0000000793c00000, 0x0000000793c00000, 0x0000000793e00000|  0%| F|  |TAMS 0x0000000793c00000| PB 0x0000000793c00000| Untracked |  0
| 671|0x0000000793e00000, 0x0000000793e00000, 0x0000000794000000|  0%| F|  |TAMS 0x0000000793e00000| PB 0x0000000793e00000| Untracked |  0
| 672|0x0000000794000000, 0x0000000794000000, 0x0000000794200000|  0%| F|  |TAMS 0x0000000794000000| PB 0x0000000794000000| Untracked |  0
| 673|0x0000000794200000, 0x0000000794200000, 0x0000000794400000|  0%| F|  |TAMS 0x0000000794200000| PB 0x0000000794200000| Untracked |  0
| 674|0x0000000794400000, 0x0000000794400000, 0x0000000794600000|  0%| F|  |TAMS 0x0000000794400000| PB 0x0000000794400000| Untracked |  0
| 675|0x0000000794600000, 0x0000000794600000, 0x0000000794800000|  0%| F|  |TAMS 0x0000000794600000| PB 0x0000000794600000| Untracked |  0
| 676|0x0000000794800000, 0x0000000794800000, 0x0000000794a00000|  0%| F|  |TAMS 0x0000000794800000| PB 0x0000000794800000| Untracked |  0
| 677|0x0000000794a00000, 0x0000000794a00000, 0x0000000794c00000|  0%| F|  |TAMS 0x0000000794a00000| PB 0x0000000794a00000| Untracked |  0
| 678|0x0000000794c00000, 0x0000000794c00000, 0x0000000794e00000|  0%| F|  |TAMS 0x0000000794c00000| PB 0x0000000794c00000| Untracked |  0
| 679|0x0000000794e00000, 0x0000000794e00000, 0x0000000795000000|  0%| F|  |TAMS 0x0000000794e00000| PB 0x0000000794e00000| Untracked |  0
| 680|0x0000000795000000, 0x0000000795000000, 0x0000000795200000|  0%| F|  |TAMS 0x0000000795000000| PB 0x0000000795000000| Untracked |  0
| 681|0x0000000795200000, 0x0000000795200000, 0x0000000795400000|  0%| F|  |TAMS 0x0000000795200000| PB 0x0000000795200000| Untracked |  0
| 682|0x0000000795400000, 0x0000000795400000, 0x0000000795600000|  0%| F|  |TAMS 0x0000000795400000| PB 0x0000000795400000| Untracked |  0
| 683|0x0000000795600000, 0x0000000795600000, 0x0000000795800000|  0%| F|  |TAMS 0x0000000795600000| PB 0x0000000795600000| Untracked |  0
| 684|0x0000000795800000, 0x0000000795800000, 0x0000000795a00000|  0%| F|  |TAMS 0x0000000795800000| PB 0x0000000795800000| Untracked |  0
| 685|0x0000000795a00000, 0x0000000795a00000, 0x0000000795c00000|  0%| F|  |TAMS 0x0000000795a00000| PB 0x0000000795a00000| Untracked |  0
| 686|0x0000000795c00000, 0x0000000795c00000, 0x0000000795e00000|  0%| F|  |TAMS 0x0000000795c00000| PB 0x0000000795c00000| Untracked |  0
| 687|0x0000000795e00000, 0x0000000795e00000, 0x0000000796000000|  0%| F|  |TAMS 0x0000000795e00000| PB 0x0000000795e00000| Untracked |  0
| 688|0x0000000796000000, 0x0000000796000000, 0x0000000796200000|  0%| F|  |TAMS 0x0000000796000000| PB 0x0000000796000000| Untracked |  0
| 689|0x0000000796200000, 0x0000000796200000, 0x0000000796400000|  0%| F|  |TAMS 0x0000000796200000| PB 0x0000000796200000| Untracked |  0
| 690|0x0000000796400000, 0x0000000796400000, 0x0000000796600000|  0%| F|  |TAMS 0x0000000796400000| PB 0x0000000796400000| Untracked |  0
| 691|0x0000000796600000, 0x0000000796600000, 0x0000000796800000|  0%| F|  |TAMS 0x0000000796600000| PB 0x0000000796600000| Untracked |  0
| 692|0x0000000796800000, 0x0000000796800000, 0x0000000796a00000|  0%| F|  |TAMS 0x0000000796800000| PB 0x0000000796800000| Untracked |  0
| 693|0x0000000796a00000, 0x0000000796a00000, 0x0000000796c00000|  0%| F|  |TAMS 0x0000000796a00000| PB 0x0000000796a00000| Untracked |  0
| 694|0x0000000796c00000, 0x0000000796c00000, 0x0000000796e00000|  0%| F|  |TAMS 0x0000000796c00000| PB 0x0000000796c00000| Untracked |  0
| 695|0x0000000796e00000, 0x0000000796e00000, 0x0000000797000000|  0%| F|  |TAMS 0x0000000796e00000| PB 0x0000000796e00000| Untracked |  0
| 696|0x0000000797000000, 0x0000000797000000, 0x0000000797200000|  0%| F|  |TAMS 0x0000000797000000| PB 0x0000000797000000| Untracked |  0
| 697|0x0000000797200000, 0x0000000797200000, 0x0000000797400000|  0%| F|  |TAMS 0x0000000797200000| PB 0x0000000797200000| Untracked |  0
| 698|0x0000000797400000, 0x0000000797400000, 0x0000000797600000|  0%| F|  |TAMS 0x0000000797400000| PB 0x0000000797400000| Untracked |  0
| 699|0x0000000797600000, 0x0000000797600000, 0x0000000797800000|  0%| F|  |TAMS 0x0000000797600000| PB 0x0000000797600000| Untracked |  0
| 700|0x0000000797800000, 0x0000000797800000, 0x0000000797a00000|  0%| F|  |TAMS 0x0000000797800000| PB 0x0000000797800000| Untracked |  0
| 701|0x0000000797a00000, 0x0000000797a00000, 0x0000000797c00000|  0%| F|  |TAMS 0x0000000797a00000| PB 0x0000000797a00000| Untracked |  0
| 702|0x0000000797c00000, 0x0000000797c00000, 0x0000000797e00000|  0%| F|  |TAMS 0x0000000797c00000| PB 0x0000000797c00000| Untracked |  0
| 703|0x0000000797e00000, 0x0000000797e00000, 0x0000000798000000|  0%| F|  |TAMS 0x0000000797e00000| PB 0x0000000797e00000| Untracked |  0
| 704|0x0000000798000000, 0x0000000798000000, 0x0000000798200000|  0%| F|  |TAMS 0x0000000798000000| PB 0x0000000798000000| Untracked |  0
| 705|0x0000000798200000, 0x0000000798200000, 0x0000000798400000|  0%| F|  |TAMS 0x0000000798200000| PB 0x0000000798200000| Untracked |  0
| 706|0x0000000798400000, 0x0000000798400000, 0x0000000798600000|  0%| F|  |TAMS 0x0000000798400000| PB 0x0000000798400000| Untracked |  0
| 707|0x0000000798600000, 0x0000000798600000, 0x0000000798800000|  0%| F|  |TAMS 0x0000000798600000| PB 0x0000000798600000| Untracked |  0
| 708|0x0000000798800000, 0x0000000798800000, 0x0000000798a00000|  0%| F|  |TAMS 0x0000000798800000| PB 0x0000000798800000| Untracked |  0
| 709|0x0000000798a00000, 0x0000000798a00000, 0x0000000798c00000|  0%| F|  |TAMS 0x0000000798a00000| PB 0x0000000798a00000| Untracked |  0
| 710|0x0000000798c00000, 0x0000000798c00000, 0x0000000798e00000|  0%| F|  |TAMS 0x0000000798c00000| PB 0x0000000798c00000| Untracked |  0
| 711|0x0000000798e00000, 0x0000000798e00000, 0x0000000799000000|  0%| F|  |TAMS 0x0000000798e00000| PB 0x0000000798e00000| Untracked |  0
| 712|0x0000000799000000, 0x0000000799000000, 0x0000000799200000|  0%| F|  |TAMS 0x0000000799000000| PB 0x0000000799000000| Untracked |  0
| 713|0x0000000799200000, 0x0000000799200000, 0x0000000799400000|  0%| F|  |TAMS 0x0000000799200000| PB 0x0000000799200000| Untracked |  0
| 714|0x0000000799400000, 0x0000000799400000, 0x0000000799600000|  0%| F|  |TAMS 0x0000000799400000| PB 0x0000000799400000| Untracked |  0
| 715|0x0000000799600000, 0x0000000799600000, 0x0000000799800000|  0%| F|  |TAMS 0x0000000799600000| PB 0x0000000799600000| Untracked |  0
| 716|0x0000000799800000, 0x0000000799800000, 0x0000000799a00000|  0%| F|  |TAMS 0x0000000799800000| PB 0x0000000799800000| Untracked |  0
| 717|0x0000000799a00000, 0x0000000799a00000, 0x0000000799c00000|  0%| F|  |TAMS 0x0000000799a00000| PB 0x0000000799a00000| Untracked |  0
| 718|0x0000000799c00000, 0x0000000799c00000, 0x0000000799e00000|  0%| F|  |TAMS 0x0000000799c00000| PB 0x0000000799c00000| Untracked |  0
| 719|0x0000000799e00000, 0x0000000799e00000, 0x000000079a000000|  0%| F|  |TAMS 0x0000000799e00000| PB 0x0000000799e00000| Untracked |  0
| 720|0x000000079a000000, 0x000000079a000000, 0x000000079a200000|  0%| F|  |TAMS 0x000000079a000000| PB 0x000000079a000000| Untracked |  0
| 721|0x000000079a200000, 0x000000079a200000, 0x000000079a400000|  0%| F|  |TAMS 0x000000079a200000| PB 0x000000079a200000| Untracked |  0
| 722|0x000000079a400000, 0x000000079a400000, 0x000000079a600000|  0%| F|  |TAMS 0x000000079a400000| PB 0x000000079a400000| Untracked |  0
| 723|0x000000079a600000, 0x000000079a600000, 0x000000079a800000|  0%| F|  |TAMS 0x000000079a600000| PB 0x000000079a600000| Untracked |  0
| 724|0x000000079a800000, 0x000000079a800000, 0x000000079aa00000|  0%| F|  |TAMS 0x000000079a800000| PB 0x000000079a800000| Untracked |  0
| 725|0x000000079aa00000, 0x000000079ac00000, 0x000000079ac00000|100%| S|CS|TAMS 0x000000079aa00000| PB 0x000000079aa00000| Complete |  0
| 726|0x000000079ac00000, 0x000000079ae00000, 0x000000079ae00000|100%| S|CS|TAMS 0x000000079ac00000| PB 0x000000079ac00000| Complete |  0
| 727|0x000000079ae00000, 0x000000079b000000, 0x000000079b000000|100%| S|CS|TAMS 0x000000079ae00000| PB 0x000000079ae00000| Complete |  0
| 728|0x000000079b000000, 0x000000079b200000, 0x000000079b200000|100%| S|CS|TAMS 0x000000079b000000| PB 0x000000079b000000| Complete |  0
| 729|0x000000079b200000, 0x000000079b400000, 0x000000079b400000|100%| S|CS|TAMS 0x000000079b200000| PB 0x000000079b200000| Complete |  0
| 730|0x000000079b400000, 0x000000079b400000, 0x000000079b600000|  0%| F|  |TAMS 0x000000079b400000| PB 0x000000079b400000| Untracked |  0
| 731|0x000000079b600000, 0x000000079b600000, 0x000000079b800000|  0%| F|  |TAMS 0x000000079b600000| PB 0x000000079b600000| Untracked |  0
| 732|0x000000079b800000, 0x000000079b800000, 0x000000079ba00000|  0%| F|  |TAMS 0x000000079b800000| PB 0x000000079b800000| Untracked |  0
| 733|0x000000079ba00000, 0x000000079ba00000, 0x000000079bc00000|  0%| F|  |TAMS 0x000000079ba00000| PB 0x000000079ba00000| Untracked |  0
| 734|0x000000079bc00000, 0x000000079bc00000, 0x000000079be00000|  0%| F|  |TAMS 0x000000079bc00000| PB 0x000000079bc00000| Untracked |  0
| 735|0x000000079be00000, 0x000000079be00000, 0x000000079c000000|  0%| F|  |TAMS 0x000000079be00000| PB 0x000000079be00000| Untracked |  0
| 736|0x000000079c000000, 0x000000079c000000, 0x000000079c200000|  0%| F|  |TAMS 0x000000079c000000| PB 0x000000079c000000| Untracked |  0
| 737|0x000000079c200000, 0x000000079c200000, 0x000000079c400000|  0%| F|  |TAMS 0x000000079c200000| PB 0x000000079c200000| Untracked |  0
| 738|0x000000079c400000, 0x000000079c400000, 0x000000079c600000|  0%| F|  |TAMS 0x000000079c400000| PB 0x000000079c400000| Untracked |  0
| 739|0x000000079c600000, 0x000000079c600000, 0x000000079c800000|  0%| F|  |TAMS 0x000000079c600000| PB 0x000000079c600000| Untracked |  0
| 740|0x000000079c800000, 0x000000079c800000, 0x000000079ca00000|  0%| F|  |TAMS 0x000000079c800000| PB 0x000000079c800000| Untracked |  0
| 741|0x000000079ca00000, 0x000000079ca00000, 0x000000079cc00000|  0%| F|  |TAMS 0x000000079ca00000| PB 0x000000079ca00000| Untracked |  0
| 742|0x000000079cc00000, 0x000000079cc00000, 0x000000079ce00000|  0%| F|  |TAMS 0x000000079cc00000| PB 0x000000079cc00000| Untracked |  0
| 743|0x000000079ce00000, 0x000000079ce00000, 0x000000079d000000|  0%| F|  |TAMS 0x000000079ce00000| PB 0x000000079ce00000| Untracked |  0
| 744|0x000000079d000000, 0x000000079d000000, 0x000000079d200000|  0%| F|  |TAMS 0x000000079d000000| PB 0x000000079d000000| Untracked |  0
| 745|0x000000079d200000, 0x000000079d200000, 0x000000079d400000|  0%| F|  |TAMS 0x000000079d200000| PB 0x000000079d200000| Untracked |  0
| 746|0x000000079d400000, 0x000000079d400000, 0x000000079d600000|  0%| F|  |TAMS 0x000000079d400000| PB 0x000000079d400000| Untracked |  0
| 747|0x000000079d600000, 0x000000079d600000, 0x000000079d800000|  0%| F|  |TAMS 0x000000079d600000| PB 0x000000079d600000| Untracked |  0
| 748|0x000000079d800000, 0x000000079d85f660, 0x000000079da00000| 18%| E|  |TAMS 0x000000079d800000| PB 0x000000079d800000| Complete |  0
| 749|0x000000079da00000, 0x000000079dc00000, 0x000000079dc00000|100%| E|CS|TAMS 0x000000079da00000| PB 0x000000079da00000| Complete |  0
| 750|0x000000079dc00000, 0x000000079de00000, 0x000000079de00000|100%| E|CS|TAMS 0x000000079dc00000| PB 0x000000079dc00000| Complete |  0
| 751|0x000000079de00000, 0x000000079e000000, 0x000000079e000000|100%| E|CS|TAMS 0x000000079de00000| PB 0x000000079de00000| Complete |  0
| 752|0x000000079e000000, 0x000000079e200000, 0x000000079e200000|100%| E|CS|TAMS 0x000000079e000000| PB 0x000000079e000000| Complete |  0
| 753|0x000000079e200000, 0x000000079e400000, 0x000000079e400000|100%| E|CS|TAMS 0x000000079e200000| PB 0x000000079e200000| Complete |  0
| 754|0x000000079e400000, 0x000000079e600000, 0x000000079e600000|100%| E|CS|TAMS 0x000000079e400000| PB 0x000000079e400000| Complete |  0
| 755|0x000000079e600000, 0x000000079e800000, 0x000000079e800000|100%| E|CS|TAMS 0x000000079e600000| PB 0x000000079e600000| Complete |  0
| 756|0x000000079e800000, 0x000000079ea00000, 0x000000079ea00000|100%| E|CS|TAMS 0x000000079e800000| PB 0x000000079e800000| Complete |  0
| 757|0x000000079ea00000, 0x000000079ec00000, 0x000000079ec00000|100%| E|CS|TAMS 0x000000079ea00000| PB 0x000000079ea00000| Complete |  0
| 758|0x000000079ec00000, 0x000000079ee00000, 0x000000079ee00000|100%| E|CS|TAMS 0x000000079ec00000| PB 0x000000079ec00000| Complete |  0
| 759|0x000000079ee00000, 0x000000079f000000, 0x000000079f000000|100%| E|CS|TAMS 0x000000079ee00000| PB 0x000000079ee00000| Complete |  0
| 760|0x000000079f000000, 0x000000079f200000, 0x000000079f200000|100%| E|CS|TAMS 0x000000079f000000| PB 0x000000079f000000| Complete |  0
| 761|0x000000079f200000, 0x000000079f400000, 0x000000079f400000|100%| E|CS|TAMS 0x000000079f200000| PB 0x000000079f200000| Complete |  0
| 762|0x000000079f400000, 0x000000079f600000, 0x000000079f600000|100%| E|CS|TAMS 0x000000079f400000| PB 0x000000079f400000| Complete |  0
| 763|0x000000079f600000, 0x000000079f800000, 0x000000079f800000|100%| E|CS|TAMS 0x000000079f600000| PB 0x000000079f600000| Complete |  0
| 764|0x000000079f800000, 0x000000079fa00000, 0x000000079fa00000|100%| E|CS|TAMS 0x000000079f800000| PB 0x000000079f800000| Complete |  0
|1502|0x00000007fbc00000, 0x00000007fbe00000, 0x00000007fbe00000|100%| O|  |TAMS 0x00000007fbc00000| PB 0x00000007fbc00000| Untracked |  0
|1503|0x00000007fbe00000, 0x00000007fc000000, 0x00000007fc000000|100%| E|CS|TAMS 0x00000007fbe00000| PB 0x00000007fbe00000| Complete |  0
|1504|0x00000007fc000000, 0x00000007fc200000, 0x00000007fc200000|100%| O|  |TAMS 0x00000007fc000000| PB 0x00000007fc000000| Untracked |  0
|1505|0x00000007fc200000, 0x00000007fc400000, 0x00000007fc400000|100%| O|  |TAMS 0x00000007fc200000| PB 0x00000007fc200000| Untracked |  0
|1506|0x00000007fc400000, 0x00000007fc600000, 0x00000007fc600000|100%| O|  |TAMS 0x00000007fc400000| PB 0x00000007fc400000| Untracked |  0
|1507|0x00000007fc600000, 0x00000007fc800000, 0x00000007fc800000|100%| O|Cm|TAMS 0x00000007fc600000| PB 0x00000007fc600000| Complete |  0
|1508|0x00000007fc800000, 0x00000007fca00000, 0x00000007fca00000|100%| O|  |TAMS 0x00000007fc800000| PB 0x00000007fc800000| Untracked |  0
|1509|0x00000007fca00000, 0x00000007fcc00000, 0x00000007fcc00000|100%| O|  |TAMS 0x00000007fca00000| PB 0x00000007fca00000| Untracked |  0
|1510|0x00000007fcc00000, 0x00000007fce00000, 0x00000007fce00000|100%| O|  |TAMS 0x00000007fcc00000| PB 0x00000007fcc00000| Untracked |  0
|1511|0x00000007fce00000, 0x00000007fd000000, 0x00000007fd000000|100%| O|  |TAMS 0x00000007fce00000| PB 0x00000007fce00000| Untracked |  0
|1512|0x00000007fd000000, 0x00000007fd200000, 0x00000007fd200000|100%| O|  |TAMS 0x00000007fd000000| PB 0x00000007fd000000| Untracked |  0
|1513|0x00000007fd200000, 0x00000007fd400000, 0x00000007fd400000|100%| O|  |TAMS 0x00000007fd200000| PB 0x00000007fd200000| Untracked |  0
|1514|0x00000007fd400000, 0x00000007fd600000, 0x00000007fd600000|100%| O|  |TAMS 0x00000007fd400000| PB 0x00000007fd400000| Untracked |  0
|1515|0x00000007fd600000, 0x00000007fd800000, 0x00000007fd800000|100%| O|  |TAMS 0x00000007fd600000| PB 0x00000007fd600000| Untracked |  0
|1516|0x00000007fd800000, 0x00000007fda00000, 0x00000007fda00000|100%| O|  |TAMS 0x00000007fd800000| PB 0x00000007fd800000| Untracked |  0
|1517|0x00000007fda00000, 0x00000007fdc00000, 0x00000007fdc00000|100%| O|  |TAMS 0x00000007fda00000| PB 0x00000007fda00000| Untracked |  0
|1518|0x00000007fdc00000, 0x00000007fde00000, 0x00000007fde00000|100%| O|  |TAMS 0x00000007fdc00000| PB 0x00000007fdc00000| Untracked |  0
|1519|0x00000007fde00000, 0x00000007fe000000, 0x00000007fe000000|100%| O|  |TAMS 0x00000007fde00000| PB 0x00000007fde00000| Untracked |  0
|1520|0x00000007fe000000, 0x00000007fe200000, 0x00000007fe200000|100%| O|  |TAMS 0x00000007fe000000| PB 0x00000007fe000000| Untracked |  0
|1521|0x00000007fe200000, 0x00000007fe400000, 0x00000007fe400000|100%| O|  |TAMS 0x00000007fe200000| PB 0x00000007fe200000| Untracked |  0
|1522|0x00000007fe400000, 0x00000007fe600000, 0x00000007fe600000|100%| O|  |TAMS 0x00000007fe400000| PB 0x00000007fe400000| Untracked |  0
|1523|0x00000007fe600000, 0x00000007fe800000, 0x00000007fe800000|100%| O|  |TAMS 0x00000007fe600000| PB 0x00000007fe600000| Untracked |  0
|1524|0x00000007fe800000, 0x00000007fea00000, 0x00000007fea00000|100%| O|  |TAMS 0x00000007fe800000| PB 0x00000007fe800000| Untracked |  0
|1525|0x00000007fea00000, 0x00000007fec00000, 0x00000007fec00000|100%| O|  |TAMS 0x00000007fea00000| PB 0x00000007fea00000| Untracked |  0
|1526|0x00000007fec00000, 0x00000007fee00000, 0x00000007fee00000|100%| O|  |TAMS 0x00000007fec00000| PB 0x00000007fec00000| Untracked |  0
|1527|0x00000007fee00000, 0x00000007ff000000, 0x00000007ff000000|100%| O|  |TAMS 0x00000007fee00000| PB 0x00000007fee00000| Untracked |  0
|1528|0x00000007ff000000, 0x00000007ff200000, 0x00000007ff200000|100%| O|  |TAMS 0x00000007ff000000| PB 0x00000007ff000000| Untracked |  0
|1529|0x00000007ff200000, 0x00000007ff400000, 0x00000007ff400000|100%| O|  |TAMS 0x00000007ff200000| PB 0x00000007ff200000| Untracked |  0
|1530|0x00000007ff400000, 0x00000007ff600000, 0x00000007ff600000|100%| E|CS|TAMS 0x00000007ff400000| PB 0x00000007ff400000| Complete |  0
|1531|0x00000007ff600000, 0x00000007ff800000, 0x00000007ff800000|100%| O|  |TAMS 0x00000007ff600000| PB 0x00000007ff600000| Untracked |  0
|1532|0x00000007ff800000, 0x00000007ffa00000, 0x00000007ffa00000|100%| O|  |TAMS 0x00000007ff800000| PB 0x00000007ff800000| Untracked |  0
|1533|0x00000007ffa00000, 0x00000007ffc00000, 0x00000007ffc00000|100%| O|  |TAMS 0x00000007ffa00000| PB 0x00000007ffa00000| Untracked |  0
|1534|0x00000007ffc00000, 0x00000007ffe00000, 0x00000007ffe00000|100%| O|  |TAMS 0x00000007ffc00000| PB 0x00000007ffc00000| Untracked |  0
|1535|0x00000007ffe00000, 0x0000000800000000, 0x0000000800000000|100%| O|  |TAMS 0x00000007ffe00000| PB 0x00000007ffe00000| Untracked |  0

Card table byte_map: [0x0000018a8f600000,0x0000018a8fc00000] _byte_map_base: 0x0000018a8bc00000

Marking Bits: (CMBitMap*) 0x0000018af6f7ecd0
 Bits: [0x0000018a8fc00000, 0x0000018a92c00000)

Polling page: 0x0000018af66e0000

Metaspace:

Usage:
  Non-class:     71.40 MB used.
      Class:     11.89 MB used.
       Both:     83.30 MB used.

Virtual space:
  Non-class space:      128.00 MB reserved,      72.81 MB ( 57%) committed,  2 nodes.
      Class space:        1.00 GB reserved,      13.12 MB (  1%) committed,  1 nodes.
             Both:        1.12 GB reserved,      85.94 MB (  7%) committed. 

Chunk freelists:
   Non-Class:  6.45 MB
       Class:  2.96 MB
        Both:  9.40 MB

MaxMetaspaceSize: unlimited
CompressedClassSpaceSize: 1.00 GB
Initial GC threshold: 21.00 MB
Current GC threshold: 143.25 MB
CDS: on
 - commit_granule_bytes: 65536.
 - commit_granule_words: 8192.
 - virtual_space_node_default_size: 8388608.
 - enlarge_chunks_in_place: 1.
 - use_allocation_guard: 0.


Internal statistics:

num_allocs_failed_limit: 12.
num_arena_births: 4344.
num_arena_deaths: 168.
num_vsnodes_births: 3.
num_vsnodes_deaths: 0.
num_space_committed: 1375.
num_space_uncommitted: 0.
num_chunks_returned_to_freelist: 245.
num_chunks_taken_from_freelist: 8308.
num_chunk_merges: 89.
num_chunk_splits: 5221.
num_chunks_enlarged: 3094.
num_inconsistent_stats: 0.

CodeHeap 'non-profiled nmethods': size=119168Kb used=7566Kb max_used=7941Kb free=111601Kb
 bounds [0x0000018a87ba0000, 0x0000018a88380000, 0x0000018a8f000000]
CodeHeap 'profiled nmethods': size=119104Kb used=25021Kb max_used=25894Kb free=94082Kb
 bounds [0x0000018a80000000, 0x0000018a81960000, 0x0000018a87450000]
CodeHeap 'non-nmethods': size=7488Kb used=3153Kb max_used=4885Kb free=4334Kb
 bounds [0x0000018a87450000, 0x0000018a87930000, 0x0000018a87ba0000]
 total_blobs=13994 nmethods=13025 adapters=873
 compilation: enabled
              stopped_count=0, restarted_count=0
 full_count=0

Compilation events (20 events):
Event: 41.974 Thread 0x0000018a95a44c70 nmethod 15566 0x0000018a87f69210 code [0x0000018a87f693c0, 0x0000018a87f69b30]
Event: 41.975 Thread 0x0000018a95a44c70 15565       4       net.minecraftforge.srgutils.InternalUtils::swapFirst (15 bytes)
Event: 41.979 Thread 0x0000018a95a44c70 nmethod 15565 0x0000018a87e6a190 code [0x0000018a87e6a320, 0x0000018a87e6a590]
Event: 41.979 Thread 0x0000018a95a44c70 15827       4       java.util.HashMap::values (25 bytes)
Event: 41.982 Thread 0x0000018a95a44c70 nmethod 15827 0x0000018a88063e10 code [0x0000018a88063fa0, 0x0000018a88064188]
Event: 41.982 Thread 0x0000018a95a44c70 15640       4       com.google.common.collect.HashBiMap::insert (188 bytes)
Event: 42.003 Thread 0x0000018a95a44c70 nmethod 15640 0x0000018a8806e090 code [0x0000018a8806e280, 0x0000018a8806f1c0]
Event: 42.039 Thread 0x0000018a95a44c70 15885       4       org.gradle.internal.serialize.HierarchicalNameSerializer::readName (51 bytes)
Event: 42.059 Thread 0x0000018a95784310 15889       3       com.google.common.collect.HashBiMap::seekByValue (47 bytes)
Event: 42.059 Thread 0x0000018a95784310 nmethod 15889 0x0000018a803fbf10 code [0x0000018a803fc0e0, 0x0000018a803fc568]
Event: 42.151 Thread 0x0000018a95784310 15892 %     3       org.gradle.api.internal.tasks.compile.incremental.deps.ClassSetAnalysisData$Serializer::read @ 45 (230 bytes)
Event: 42.156 Thread 0x0000018a95784310 nmethod 15892% 0x0000018a814bcb90 code [0x0000018a814bd080, 0x0000018a814bfc60]
Event: 42.167 Thread 0x0000018a95784310 15893       3       org.gradle.api.internal.tasks.compile.incremental.deps.ClassSetAnalysisData$Serializer::read (230 bytes)
Event: 42.168 Thread 0x0000018adb099310 nmethod 15752 0x0000018a8836f110 code [0x0000018a8836fa20, 0x0000018a88379800]
Event: 42.169 Thread 0x0000018adb099310 15891       4       com.google.common.collect.HashBiMap::seekByValue (47 bytes)
Event: 42.171 Thread 0x0000018a95784310 nmethod 15893 0x0000018a81326910 code [0x0000018a81326de0, 0x0000018a813298e8]
Event: 42.172 Thread 0x0000018adb099310 nmethod 15891 0x0000018a8809df90 code [0x0000018a8809e120, 0x0000018a8809e288]
Event: 42.172 Thread 0x0000018adb099310 15887       4       com.google.common.collect.ImmutableSet$RegularSetBuilderImpl::insertInHashTable (125 bytes)
Event: 42.181 Thread 0x0000018a95784310 15894       3       java.util.HashMap$ValueSpliterator::forEachRemaining (186 bytes)
Event: 42.182 Thread 0x0000018a95784310 nmethod 15894 0x0000018a80db9590 code [0x0000018a80db97a0, 0x0000018a80db9f98]

GC Heap History (20 events):
Event: 39.723 GC heap before
{Heap before GC invocations=37 (full 0):
 garbage-first heap   total reserved 3145728K, committed 239616K, used 220902K [0x0000000740000000, 0x0000000800000000)
  region size 2048K, 48 young (98304K), 1 survivors (2048K)
 Metaspace       used 84950K, committed 87552K, reserved 1179648K
  class space    used 12160K, committed 13440K, reserved 1048576K
}
Event: 39.762 GC heap after
{Heap after GC invocations=38 (full 0):
 garbage-first heap   total reserved 3145728K, committed 286720K, used 187549K [0x0000000740000000, 0x0000000800000000)
  region size 2048K, 6 young (12288K), 6 survivors (12288K)
 Metaspace       used 84950K, committed 87552K, reserved 1179648K
  class space    used 12160K, committed 13440K, reserved 1048576K
}
Event: 39.922 GC heap before
{Heap before GC invocations=38 (full 0):
 garbage-first heap   total reserved 3145728K, committed 286720K, used 244893K [0x0000000740000000, 0x0000000800000000)
  region size 2048K, 34 young (69632K), 6 survivors (12288K)
 Metaspace       used 85190K, committed 87808K, reserved 1179648K
  class space    used 12191K, committed 13440K, reserved 1048576K
}
Event: 39.949 GC heap after
{Heap after GC invocations=39 (full 0):
 garbage-first heap   total reserved 3145728K, committed 296960K, used 211517K [0x0000000740000000, 0x0000000800000000)
  region size 2048K, 5 young (10240K), 5 survivors (10240K)
 Metaspace       used 85190K, committed 87808K, reserved 1179648K
  class space    used 12191K, committed 13440K, reserved 1048576K
}
Event: 40.037 GC heap before
{Heap before GC invocations=39 (full 0):
 garbage-first heap   total reserved 3145728K, committed 296960K, used 252477K [0x0000000740000000, 0x0000000800000000)
  region size 2048K, 25 young (51200K), 5 survivors (10240K)
 Metaspace       used 85258K, committed 87872K, reserved 1179648K
  class space    used 12192K, committed 13440K, reserved 1048576K
}
Event: 40.055 GC heap after
{Heap after GC invocations=40 (full 0):
 garbage-first heap   total reserved 3145728K, committed 296960K, used 238601K [0x0000000740000000, 0x0000000800000000)
  region size 2048K, 4 young (8192K), 4 survivors (8192K)
 Metaspace       used 85258K, committed 87872K, reserved 1179648K
  class space    used 12192K, committed 13440K, reserved 1048576K
}
Event: 40.121 GC heap before
{Heap before GC invocations=40 (full 0):
 garbage-first heap   total reserved 3145728K, committed 296960K, used 263177K [0x0000000740000000, 0x0000000800000000)
  region size 2048K, 16 young (32768K), 4 survivors (8192K)
 Metaspace       used 85330K, committed 88000K, reserved 1179648K
  class space    used 12203K, committed 13440K, reserved 1048576K
}
Event: 40.135 GC heap after
{Heap after GC invocations=41 (full 0):
 garbage-first heap   total reserved 3145728K, committed 296960K, used 255684K [0x0000000740000000, 0x0000000800000000)
  region size 2048K, 2 young (4096K), 2 survivors (4096K)
 Metaspace       used 85330K, committed 88000K, reserved 1179648K
  class space    used 12203K, committed 13440K, reserved 1048576K
}
Event: 40.187 GC heap before
{Heap before GC invocations=41 (full 0):
 garbage-first heap   total reserved 3145728K, committed 296960K, used 270020K [0x0000000740000000, 0x0000000800000000)
  region size 2048K, 10 young (20480K), 2 survivors (4096K)
 Metaspace       used 85334K, committed 88000K, reserved 1179648K
  class space    used 12203K, committed 13440K, reserved 1048576K
}
Event: 41.271 GC heap after
{Heap after GC invocations=42 (full 0):
 garbage-first heap   total reserved 3145728K, committed 628736K, used 267549K [0x0000000740000000, 0x0000000800000000)
  region size 2048K, 2 young (4096K), 2 survivors (4096K)
 Metaspace       used 85334K, committed 88000K, reserved 1179648K
  class space    used 12203K, committed 13440K, reserved 1048576K
}
Event: 41.367 GC heap before
{Heap before GC invocations=42 (full 0):
 garbage-first heap   total reserved 3145728K, committed 628736K, used 292125K [0x0000000740000000, 0x0000000800000000)
  region size 2048K, 15 young (30720K), 2 survivors (4096K)
 Metaspace       used 85334K, committed 88000K, reserved 1179648K
  class space    used 12203K, committed 13440K, reserved 1048576K
}
Event: 41.379 GC heap after
{Heap after GC invocations=43 (full 0):
 garbage-first heap   total reserved 3145728K, committed 628736K, used 286416K [0x0000000740000000, 0x0000000800000000)
  region size 2048K, 2 young (4096K), 2 survivors (4096K)
 Metaspace       used 85334K, committed 88000K, reserved 1179648K
  class space    used 12203K, committed 13440K, reserved 1048576K
}
Event: 41.433 GC heap before
{Heap before GC invocations=43 (full 0):
 garbage-first heap   total reserved 3145728K, committed 628736K, used 313040K [0x0000000740000000, 0x0000000800000000)
  region size 2048K, 15 young (30720K), 2 survivors (4096K)
 Metaspace       used 85334K, committed 88000K, reserved 1179648K
  class space    used 12203K, committed 13440K, reserved 1048576K
}
Event: 41.445 GC heap after
{Heap after GC invocations=44 (full 0):
 garbage-first heap   total reserved 3145728K, committed 628736K, used 302770K [0x0000000740000000, 0x0000000800000000)
  region size 2048K, 2 young (4096K), 2 survivors (4096K)
 Metaspace       used 85334K, committed 88000K, reserved 1179648K
  class space    used 12203K, committed 13440K, reserved 1048576K
}
Event: 41.579 GC heap before
{Heap before GC invocations=45 (full 0):
 garbage-first heap   total reserved 3145728K, committed 628736K, used 329394K [0x0000000740000000, 0x0000000800000000)
  region size 2048K, 15 young (30720K), 2 survivors (4096K)
 Metaspace       used 85223K, committed 88000K, reserved 1179648K
  class space    used 12170K, committed 13440K, reserved 1048576K
}
Event: 41.596 GC heap after
{Heap after GC invocations=46 (full 0):
 garbage-first heap   total reserved 3145728K, committed 628736K, used 318383K [0x0000000740000000, 0x0000000800000000)
  region size 2048K, 2 young (4096K), 2 survivors (4096K)
 Metaspace       used 85223K, committed 88000K, reserved 1179648K
  class space    used 12170K, committed 13440K, reserved 1048576K
}
Event: 41.715 GC heap before
{Heap before GC invocations=46 (full 0):
 garbage-first heap   total reserved 3145728K, committed 628736K, used 345007K [0x0000000740000000, 0x0000000800000000)
  region size 2048K, 15 young (30720K), 2 survivors (4096K)
 Metaspace       used 85262K, committed 88000K, reserved 1179648K
  class space    used 12172K, committed 13440K, reserved 1048576K
}
Event: 41.734 GC heap after
{Heap after GC invocations=47 (full 0):
 garbage-first heap   total reserved 3145728K, committed 628736K, used 334045K [0x0000000740000000, 0x0000000800000000)
  region size 2048K, 2 young (4096K), 2 survivors (4096K)
 Metaspace       used 85262K, committed 88000K, reserved 1179648K
  class space    used 12172K, committed 13440K, reserved 1048576K
}
Event: 41.845 GC heap before
{Heap before GC invocations=47 (full 0):
 garbage-first heap   total reserved 3145728K, committed 628736K, used 360669K [0x0000000740000000, 0x0000000800000000)
  region size 2048K, 15 young (30720K), 2 survivors (4096K)
 Metaspace       used 85279K, committed 88000K, reserved 1179648K
  class space    used 12174K, committed 13440K, reserved 1048576K
}
Event: 41.948 GC heap after
{Heap after GC invocations=48 (full 0):
 garbage-first heap   total reserved 3145728K, committed 1636352K, used 349685K [0x0000000740000000, 0x0000000800000000)
  region size 2048K, 2 young (4096K), 2 survivors (4096K)
 Metaspace       used 85279K, committed 88000K, reserved 1179648K
  class space    used 12174K, committed 13440K, reserved 1048576K
}

Dll operation events (15 events):
Event: 0.023 Loaded shared library C:\Program Files\Java\jdk-22\bin\java.dll
Event: 0.083 Loaded shared library C:\Program Files\Java\jdk-22\bin\jsvml.dll
Event: 0.145 Loaded shared library C:\Program Files\Java\jdk-22\bin\zip.dll
Event: 0.152 Loaded shared library C:\Program Files\Java\jdk-22\bin\instrument.dll
Event: 0.156 Loaded shared library C:\Program Files\Java\jdk-22\bin\net.dll
Event: 0.159 Loaded shared library C:\Program Files\Java\jdk-22\bin\nio.dll
Event: 0.165 Loaded shared library C:\Program Files\Java\jdk-22\bin\zip.dll
Event: 0.802 Loaded shared library C:\Program Files\Java\jdk-22\bin\jimage.dll
Event: 1.109 Loaded shared library C:\Program Files\Java\jdk-22\bin\verify.dll
Event: 1.276 Loaded shared library C:\Users\guhan.DESKTOP-A3785UI\.gradle\native\1def1411415f61bf3af743bc5b6707747c0891f09f0c88961ee8f79bc544acac\windows-amd64\native-platform.dll
Event: 1.303 Loaded shared library C:\Users\guhan.DESKTOP-A3785UI\.gradle\native\0.2.7\x86_64-windows-gnu\gradle-fileevents.dll
Event: 4.103 Loaded shared library C:\Program Files\Java\jdk-22\bin\management.dll
Event: 4.109 Loaded shared library C:\Program Files\Java\jdk-22\bin\management_ext.dll
Event: 4.410 Loaded shared library C:\Program Files\Java\jdk-22\bin\extnet.dll
Event: 4.821 Loaded shared library C:\Program Files\Java\jdk-22\bin\sunmscapi.dll

Deoptimization events (20 events):
Event: 42.181 Thread 0x0000018a95768b90 Uncommon trap: trap_request=0xffffff45 fr.pc=0x0000018a87d55484 relative=0x0000000000000244
Event: 42.181 Thread 0x0000018a95768b90 Uncommon trap: reason=unstable_if action=reinterpret pc=0x0000018a87d55484 method=java.util.HashMap$ValueSpliterator.forEachRemaining(Ljava/util/function/Consumer;)V @ 31 c2
Event: 42.181 Thread 0x0000018a95768b90 DEOPT PACKING pc=0x0000018a87d55484 sp=0x00000076124fe8d0
Event: 42.181 Thread 0x0000018a95768b90 DEOPT UNPACKING pc=0x0000018a874a7da2 sp=0x00000076124fe870 mode 2
Event: 42.182 Thread 0x0000018ae0fcfae0 DEOPT PACKING pc=0x0000018a80db9e9b sp=0x00000076217f8370
Event: 42.182 Thread 0x0000018ae0fcfae0 DEOPT UNPACKING pc=0x0000018a874a88e2 sp=0x00000076217f7808 mode 0
Event: 42.184 Thread 0x0000018ae0fcfae0 DEOPT PACKING pc=0x0000018a80db9e7a sp=0x00000076217f8370
Event: 42.184 Thread 0x0000018ae0fcfae0 DEOPT UNPACKING pc=0x0000018a874a88e2 sp=0x00000076217f7810 mode 0
Event: 42.185 Thread 0x0000018ae0fcfae0 DEOPT PACKING pc=0x0000018a80db9e9b sp=0x00000076217f8370
Event: 42.185 Thread 0x0000018ae0fb1200 DEOPT PACKING pc=0x0000018a80db9e9b sp=0x00000076207f7e60
Event: 42.185 Thread 0x0000018ae0fcfae0 DEOPT UNPACKING pc=0x0000018a874a88e2 sp=0x00000076217f7808 mode 0
Event: 42.185 Thread 0x0000018ae0fb1200 DEOPT UNPACKING pc=0x0000018a874a88e2 sp=0x00000076207f72f8 mode 0
Event: 42.187 Thread 0x0000018ae0fcfae0 DEOPT PACKING pc=0x0000018a80db9e7a sp=0x00000076217f8370
Event: 42.187 Thread 0x0000018ae0fcfae0 DEOPT UNPACKING pc=0x0000018a874a88e2 sp=0x00000076217f7810 mode 0
Event: 42.188 Thread 0x0000018ae0fb1200 DEOPT PACKING pc=0x0000018a80db9e9b sp=0x00000076207f7e60
Event: 42.188 Thread 0x0000018ae0fb1200 DEOPT UNPACKING pc=0x0000018a874a88e2 sp=0x00000076207f72f8 mode 0
Event: 42.198 Thread 0x0000018ae0fcf450 Uncommon trap: trap_request=0xffffff45 fr.pc=0x0000018a88377a48 relative=0x0000000000008028
Event: 42.198 Thread 0x0000018ae0fcf450 Uncommon trap: reason=unstable_if action=reinterpret pc=0x0000018a88377a48 method=com.esotericsoftware.kryo.io.Input.readVarInt(Z)I @ 81 c2
Event: 42.198 Thread 0x0000018ae0fcf450 DEOPT PACKING pc=0x0000018a88377a48 sp=0x0000007621afe640
Event: 43.198 Thread 0x0000018ae0fcf450 DEOPT UNPACKING pc=0x0000018a874a7da2 sp=0x0000007621afe418 mode 2

Classes loaded (20 events):
Event: 38.396 Loading class java/io/ObjectStreamClass$MemberSignature
Event: 38.396 Loading class java/io/ObjectStreamClass$MemberSignature done
Event: 38.396 Loading class java/io/ObjectStreamClass$3
Event: 38.397 Loading class java/io/ObjectStreamClass$3 done
Event: 38.397 Loading class java/io/ObjectStreamClass$4
Event: 38.397 Loading class java/io/ObjectStreamClass$4 done
Event: 38.397 Loading class java/io/ObjectStreamClass$5
Event: 38.397 Loading class java/io/ObjectStreamClass$5 done
Event: 39.156 Loading class java/io/BufferedReader$1
Event: 39.164 Loading class java/io/BufferedReader$1 done
Event: 39.648 Loading class java/util/LinkedList$LLSpliterator
Event: 39.649 Loading class java/util/LinkedList$LLSpliterator done
Event: 39.911 Loading class java/io/SerialCallbackContext
Event: 39.912 Loading class java/io/SerialCallbackContext done
Event: 40.059 Loading class sun/security/ssl/Alert
Event: 40.060 Loading class sun/security/ssl/Alert done
Event: 40.061 Loading class sun/security/ssl/Alert$AlertConsumer
Event: 40.062 Loading class sun/security/ssl/Alert$AlertConsumer done
Event: 40.062 Loading class sun/security/ssl/Alert$Level
Event: 40.062 Loading class sun/security/ssl/Alert$Level done

Classes unloaded (20 events):
Event: 41.474 Thread 0x0000018a95737370 Unloading class 0x0000018a97c9e000 'java/lang/invoke/LambdaForm$MH+0x0000018a97c9e000'
Event: 41.474 Thread 0x0000018a95737370 Unloading class 0x0000018a97c9dc00 'java/lang/invoke/LambdaForm$MH+0x0000018a97c9dc00'
Event: 41.474 Thread 0x0000018a95737370 Unloading class 0x0000018a97c9d400 'java/lang/invoke/LambdaForm$MH+0x0000018a97c9d400'
Event: 41.474 Thread 0x0000018a95737370 Unloading class 0x0000018a97c9d000 'java/lang/invoke/LambdaForm$MH+0x0000018a97c9d000'
Event: 41.474 Thread 0x0000018a95737370 Unloading class 0x0000018a97c9c800 'java/lang/invoke/LambdaForm$MH+0x0000018a97c9c800'
Event: 41.474 Thread 0x0000018a95737370 Unloading class 0x0000018a97c9c400 'java/lang/invoke/LambdaForm$MH+0x0000018a97c9c400'
Event: 41.474 Thread 0x0000018a95737370 Unloading class 0x0000018a97c9bc00 'java/lang/invoke/LambdaForm$MH+0x0000018a97c9bc00'
Event: 41.474 Thread 0x0000018a95737370 Unloading class 0x0000018a97c9c000 'java/lang/invoke/LambdaForm$MH+0x0000018a97c9c000'
Event: 41.474 Thread 0x0000018a95737370 Unloading class 0x0000018a97c9b800 'java/lang/invoke/LambdaForm$MH+0x0000018a97c9b800'
Event: 41.474 Thread 0x0000018a95737370 Unloading class 0x0000018a97c9b400 'java/lang/invoke/LambdaForm$DMH+0x0000018a97c9b400'
Event: 41.474 Thread 0x0000018a95737370 Unloading class 0x0000018a97c9b000 'java/lang/invoke/LambdaForm$DMH+0x0000018a97c9b000'
Event: 41.474 Thread 0x0000018a95737370 Unloading class 0x0000018a97c9a800 'java/lang/invoke/LambdaForm$DMH+0x0000018a97c9a800'
Event: 41.474 Thread 0x0000018a95737370 Unloading class 0x0000018a97c9a000 'java/lang/invoke/LambdaForm$MH+0x0000018a97c9a000'
Event: 41.474 Thread 0x0000018a95737370 Unloading class 0x0000018a97c99c00 'java/lang/invoke/LambdaForm$MH+0x0000018a97c99c00'
Event: 41.474 Thread 0x0000018a95737370 Unloading class 0x0000018a97c99800 'java/lang/invoke/LambdaForm$MH+0x0000018a97c99800'
Event: 41.474 Thread 0x0000018a95737370 Unloading class 0x0000018a97c99400 'java/lang/invoke/LambdaForm$MH+0x0000018a97c99400'
Event: 41.474 Thread 0x0000018a95737370 Unloading class 0x0000018a97c98800 'java/lang/invoke/LambdaForm$MH+0x0000018a97c98800'
Event: 41.474 Thread 0x0000018a95737370 Unloading class 0x0000018a97c98c00 'java/lang/invoke/LambdaForm$MH+0x0000018a97c98c00'
Event: 41.474 Thread 0x0000018a95737370 Unloading class 0x0000018a97c98400 'java/lang/invoke/LambdaForm$MH+0x0000018a97c98400'
Event: 41.474 Thread 0x0000018a95737370 Unloading class 0x0000018a97c98000 'java/lang/invoke/LambdaForm$MH+0x0000018a97c98000'

Classes redefined (0 events):
No events

Internal exceptions (20 events):
Event: 37.900 Thread 0x0000018adc763270 Exception <a 'java/lang/IncompatibleClassChangeError'{0x0000000748c58568}: Found class java.lang.Object, but interface was expected> (0x0000000748c58568) 
thrown [s\open\src\hotspot\share\interpreter\linkResolver.cpp, line 841]
Event: 37.969 Thread 0x0000018adc763270 Exception <a 'java/lang/IncompatibleClassChangeError'{0x0000000748a07e68}: Found class java.lang.Object, but interface was expected> (0x0000000748a07e68) 
thrown [s\open\src\hotspot\share\interpreter\linkResolver.cpp, line 841]
Event: 38.091 Thread 0x0000018ae0fb25b0 Exception <a 'java/lang/NoSuchMethodError'{0x000000074f835908}: 'java.lang.Object java.lang.invoke.DirectMethodHandle$Holder.newInvokeSpecial(java.lang.Object, java.lang.Object, int, java.lang.Object, java.lang.Object)'> (0x000000074f835908) 
thrown [s\open\src\hotspot\share\interpreter\linkResolver.cpp, line 774]
Event: 38.227 Thread 0x0000018ae0fcccf0 Exception <a 'java/lang/NoSuchMethodError'{0x000000074c9f2270}: 'java.lang.Object java.lang.invoke.DirectMethodHandle$Holder.invokeVirtual(java.lang.Object, java.lang.Object, java.lang.Object, java.lang.Object, java.lang.Object, java.lang.Object, java.lang.Object, java.lang.Object, java.lang.Object, java.lang.Object, java.lang.Object, java.lang.Object, java.lang.Object, java.lang.Object, java.lang.Object, java.lang.Object, java.lang.Object, java.lang.Object, java.lang.Object)'> (0x000000074c9f2270) 
thrown
Event: 38.227 Thread 0x0000018ae0fb25b0 Exception <a 'java/lang/NoSuchMethodError'{0x000000074c9e90b8}: 'java.lang.Object java.lang.invoke.DirectMethodHandle$Holder.invokeVirtual(java.lang.Object, java.lang.Object, java.lang.Object, java.lang.Object, java.lang.Object, java.lang.Object, java.lang.Object, java.lang.Object, java.lang.Object, java.lang.Object, java.lang.Object, java.lang.Object, java.lang.Object, java.lang.Object, java.lang.Object, java.lang.Object, java.lang.Object, java.lang.Object, java.lang.Object)'> (0x000000074c9e90b8) 
thrown
Event: 38.227 Thread 0x0000018ae0fcda10 Exception <a 'java/lang/NoSuchMethodError'{0x000000074c9dcb00}: 'java.lang.Object java.lang.invoke.DirectMethodHandle$Holder.invokeVirtual(java.lang.Object, java.lang.Object, java.lang.Object, java.lang.Object, java.lang.Object, java.lang.Object, java.lang.Object, java.lang.Object, java.lang.Object, java.lang.Object, java.lang.Object, java.lang.Object, java.lang.Object, java.lang.Object, java.lang.Object, java.lang.Object, java.lang.Object, java.lang.Object, java.lang.Object)'> (0x000000074c9dcb00) 
thrown
Event: 38.227 Thread 0x0000018ae0fb1200 Exception <a 'java/lang/NoSuchMethodError'{0x000000074c602340}: 'java.lang.Object java.lang.invoke.DirectMethodHandle$Holder.invokeVirtual(java.lang.Object, java.lang.Object, java.lang.Object, java.lang.Object, java.lang.Object, java.lang.Object, java.lang.Object, java.lang.Object, java.lang.Object, java.lang.Object, java.lang.Object, java.lang.Object, java.lang.Object, java.lang.Object, java.lang.Object, java.lang.Object, java.lang.Object, java.lang.Object, java.lang.Object)'> (0x000000074c602340) 
thrown
Event: 38.342 Thread 0x0000018ae0fb1200 Exception <a 'java/lang/IncompatibleClassChangeError'{0x000000074c3b9620}: Found class java.lang.Object, but interface was expected> (0x000000074c3b9620) 
thrown [s\open\src\hotspot\share\interpreter\linkResolver.cpp, line 841]
Event: 38.342 Thread 0x0000018ae0fcfae0 Exception <a 'java/lang/IncompatibleClassChangeError'{0x000000074c010570}: Found class java.lang.Object, but interface was expected> (0x000000074c010570) 
thrown [s\open\src\hotspot\share\interpreter\linkResolver.cpp, line 841]
Event: 38.360 Thread 0x0000018ae0fb1200 Exception <a 'java/lang/NoSuchMethodError'{0x000000074c01f9f0}: 'long java.lang.invoke.Invokers$Holder.invokeExact_MT(java.lang.Object, java.lang.Object)'> (0x000000074c01f9f0) 
thrown [s\open\src\hotspot\share\interpreter\linkResolver.cpp, line 774]
Event: 38.360 Thread 0x0000018ae0fcfae0 Exception <a 'java/lang/NoSuchMethodError'{0x000000074c015870}: 'long java.lang.invoke.Invokers$Holder.invokeExact_MT(java.lang.Object, java.lang.Object)'> (0x000000074c015870) 
thrown [s\open\src\hotspot\share\interpreter\linkResolver.cpp, line 774]
Event: 38.397 Thread 0x0000018ae0fcda10 Exception <a 'java/lang/NoSuchMethodError'{0x000000074bed6550}: static Ljava/lang/Object;.<clinit>()V> (0x000000074bed6550) 
thrown [s\open\src\hotspot\share\prims\jni.cpp, line 1111]
Event: 38.407 Thread 0x0000018ae0fcfae0 Implicit null exception at 0x0000018a883081c6 to 0x0000018a88308998
Event: 38.407 Thread 0x0000018ae0fb1200 Implicit null exception at 0x0000018a883081c6 to 0x0000018a88308998
Event: 38.655 Thread 0x0000018ae0fcda10 Implicit null exception at 0x0000018a8821a153 to 0x0000018a8821ac8c
Event: 38.687 Thread 0x0000018ae0fcfae0 Exception <a 'java/lang/NoSuchMethodError'{0x000000074af1c798}: 'int java.lang.invoke.DirectMethodHandle$Holder.invokeStaticInit(java.lang.Object, java.lang.Object, java.lang.Object, java.lang.Object, java.lang.Object)'> (0x000000074af1c798) 
thrown [s\open\src\hotspot\share\interpreter\linkResolver.cpp, line 774]
Event: 38.880 Thread 0x0000018ae0fb1200 Exception <a 'java/lang/NoSuchMethodError'{0x000000074991dd58}: 'int java.lang.invoke.DirectMethodHandle$Holder.invokeSpecial(java.lang.Object, java.lang.Object, java.lang.Object, java.lang.Object, java.lang.Object)'> (0x000000074991dd58) 
thrown [s\open\src\hotspot\share\interpreter\linkResolver.cpp, line 774]
Event: 39.801 Thread 0x0000018ae0fb25b0 Exception <a 'java/lang/IncompatibleClassChangeError'{0x000000074d291ce0}: Found class java.lang.Object, but interface was expected> (0x000000074d291ce0) 
thrown [s\open\src\hotspot\share\interpreter\linkResolver.cpp, line 841]
Event: 39.909 Thread 0x0000018ae0fb25b0 Exception <a 'java/lang/NoSuchMethodError'{0x000000074acef938}: static Lnet/neoforged/nfrtgradle/ArtifactManifestEntry;.<clinit>()V> (0x000000074acef938) 
thrown [s\open\src\hotspot\share\prims\jni.cpp, line 1111]
Event: 41.562 Thread 0x0000018ae0fb1200 Exception <a 'java/lang/NoSuchMethodError'{0x0000000760c9d988}: 'void java.lang.invoke.DirectMethodHandle$Holder.invokeStatic(java.lang.Object, java.lang.Object, int, int, java.lang.Object)'> (0x0000000760c9d988) 
thrown [s\open\src\hotspot\share\interpreter\linkResolver.cpp, line 774]

ZGC Phase Switch (0 events):
No events

VM Operations (20 events):
Event: 40.055 Executing VM operation: G1CollectForAllocation (G1 Evacuation Pause) done
Event: 40.105 Executing VM operation: G1CollectForAllocation (G1 Evacuation Pause)
Event: 40.135 Executing VM operation: G1CollectForAllocation (G1 Evacuation Pause) done
Event: 40.187 Executing VM operation: G1CollectForAllocation (G1 Evacuation Pause)
Event: 41.272 Executing VM operation: G1CollectForAllocation (G1 Evacuation Pause) done
Event: 41.331 Executing VM operation: G1CollectForAllocation (G1 Evacuation Pause)
Event: 41.379 Executing VM operation: G1CollectForAllocation (G1 Evacuation Pause) done
Event: 41.432 Executing VM operation: G1CollectForAllocation (G1 Evacuation Pause)
Event: 41.445 Executing VM operation: G1CollectForAllocation (G1 Evacuation Pause) done
Event: 41.473 Executing VM operation: G1PauseRemark
Event: 41.502 Executing VM operation: G1PauseRemark done
Event: 41.570 Executing VM operation: G1CollectForAllocation (G1 Evacuation Pause)
Event: 41.596 Executing VM operation: G1CollectForAllocation (G1 Evacuation Pause) done
Event: 41.684 Executing VM operation: G1PauseCleanup
Event: 41.685 Executing VM operation: G1PauseCleanup done
Event: 41.715 Executing VM operation: G1CollectForAllocation (G1 Evacuation Pause)
Event: 41.734 Executing VM operation: G1CollectForAllocation (G1 Evacuation Pause) done
Event: 41.845 Executing VM operation: G1CollectForAllocation (G1 Evacuation Pause)
Event: 41.948 Executing VM operation: G1CollectForAllocation (G1 Evacuation Pause) done
Event: 42.957 Executing VM operation: Cleanup

Memory protections (0 events):
No events

Nmethod flushes (20 events):
Event: 41.500 Thread 0x0000018a95737370 flushing  nmethod 0x0000018a8092b510
Event: 41.500 Thread 0x0000018a95737370 flushing  nmethod 0x0000018a8092f810
Event: 41.500 Thread 0x0000018a95737370 flushing  nmethod 0x0000018a809e2910
Event: 41.500 Thread 0x0000018a95737370 flushing  nmethod 0x0000018a809e2d10
Event: 41.500 Thread 0x0000018a95737370 flushing  nmethod 0x0000018a80a18e10
Event: 41.500 Thread 0x0000018a95737370 flushing  nmethod 0x0000018a80af3090
Event: 41.500 Thread 0x0000018a95737370 flushing  nmethod 0x0000018a80af3e10
Event: 41.500 Thread 0x0000018a95737370 flushing  nmethod 0x0000018a80b14990
Event: 41.500 Thread 0x0000018a95737370 flushing  nmethod 0x0000018a80c91a90
Event: 41.500 Thread 0x0000018a95737370 flushing  nmethod 0x0000018a80f34290
Event: 41.500 Thread 0x0000018a95737370 flushing  nmethod 0x0000018a80f7a890
Event: 41.500 Thread 0x0000018a95737370 flushing  nmethod 0x0000018a80f7cb90
Event: 41.500 Thread 0x0000018a95737370 flushing  nmethod 0x0000018a81058090
Event: 41.500 Thread 0x0000018a95737370 flushing  nmethod 0x0000018a81059f90
Event: 41.500 Thread 0x0000018a95737370 flushing  nmethod 0x0000018a8128b290
Event: 41.500 Thread 0x0000018a95737370 flushing  nmethod 0x0000018a8128ce10
Event: 41.500 Thread 0x0000018a95737370 flushing  nmethod 0x0000018a8128dd90
Event: 41.500 Thread 0x0000018a95737370 flushing  nmethod 0x0000018a81338810
Event: 41.500 Thread 0x0000018a95737370 flushing  nmethod 0x0000018a81577610
Event: 41.500 Thread 0x0000018a95737370 flushing  nmethod 0x0000018a81579910

Events (20 events):
Event: 39.774 Thread 0x0000018ae0fcccf0 Thread added: 0x0000018ae0fcf450
Event: 40.100 Thread 0x0000018ae0fcccf0 Thread added: 0x0000018ae0fd0e90
Event: 40.101 Thread 0x0000018ae0fcccf0 Thread added: 0x0000018ae0fcedc0
Event: 40.102 Thread 0x0000018ae0fcda10 Thread added: 0x0000018ae0fd1520
Event: 40.102 Thread 0x0000018ae0fcccf0 Thread added: 0x0000018ae0fce0a0
Event: 40.102 Thread 0x0000018ae0fcda10 Thread added: 0x0000018ae0fd2240
Event: 40.105 Thread 0x0000018ae0fcccf0 Thread added: 0x0000018ae0fd28d0
Event: 40.105 Thread 0x0000018ae0fcccf0 Thread added: 0x0000018ae0fd2f60
Event: 40.136 Thread 0x0000018ae0fcda10 Thread added: 0x0000018ae0fd35f0
Event: 40.137 Thread 0x0000018ae0fcda10 Thread added: 0x0000018ae0fd4310
Event: 40.137 Thread 0x0000018ae0fcccf0 Thread added: 0x0000018ae0fd3c80
Event: 40.137 Thread 0x0000018ae0fcccf0 Thread added: 0x0000018ae3d59020
Event: 40.137 Thread 0x0000018ae0fcccf0 Thread added: 0x0000018ae3d5aa60
Event: 40.138 Thread 0x0000018ae0fcccf0 Thread added: 0x0000018ae3d59d40
Event: 40.138 Thread 0x0000018ae0fcccf0 Thread added: 0x0000018ae3d5c4a0
Event: 40.140 Thread 0x0000018ae0fcda10 Thread added: 0x0000018ae3d5cb30
Event: 40.140 Thread 0x0000018ae0fcccf0 Thread added: 0x0000018ae3d5a3d0
Event: 41.272 Thread 0x0000018adfb6f840 Thread exited: 0x0000018adfb6f840
Event: 41.275 Thread 0x0000018adcdcdca0 Thread exited: 0x0000018adcdcdca0
Event: 41.704 Thread 0x0000018ae0fabcb0 Thread exited: 0x0000018ae0fabcb0


Dynamic libraries:
0x00007ff63bd40000 - 0x00007ff63bd50000 	C:\Program Files\Java\jdk-22\bin\java.exe
0x00007ff8eee20000 - 0x00007ff8ef087000 	C:\WINDOWS\SYSTEM32\ntdll.dll
0x00007ff8edc60000 - 0x00007ff8edd29000 	C:\WINDOWS\System32\KERNEL32.DLL
0x00007ff8ebcc0000 - 0x00007ff8ec0b7000 	C:\WINDOWS\System32\KERNELBASE.dll
0x00007ff8ebab0000 - 0x00007ff8ebbfb000 	C:\WINDOWS\System32\ucrtbase.dll
0x00007ff8b75d0000 - 0x00007ff8b75eb000 	C:\Program Files\Java\jdk-22\bin\VCRUNTIME140.dll
0x00007ff8c44c0000 - 0x00007ff8c44d7000 	C:\Program Files\Java\jdk-22\bin\jli.dll
0x00007ff8ee260000 - 0x00007ff8ee426000 	C:\WINDOWS\System32\USER32.dll
0x00007ff8eb850000 - 0x00007ff8eb877000 	C:\WINDOWS\System32\win32u.dll
0x00007ff8ea950000 - 0x00007ff8eabe2000 	C:\WINDOWS\WinSxS\amd64_microsoft.windows.common-controls_6595b64144ccf1df_6.0.26100.8457_none_3e0b2faee331e92d\COMCTL32.dll
0x00007ff8edf90000 - 0x00007ff8edfbb000 	C:\WINDOWS\System32\GDI32.dll
0x00007ff8eddf0000 - 0x00007ff8ede99000 	C:\WINDOWS\System32\msvcrt.dll
0x00007ff8ec0c0000 - 0x00007ff8ec1ec000 	C:\WINDOWS\System32\gdi32full.dll
0x00007ff8eb880000 - 0x00007ff8eb923000 	C:\WINDOWS\System32\msvcp_win.dll
0x00007ff8ed1c0000 - 0x00007ff8ed1f2000 	C:\WINDOWS\System32\IMM32.DLL
0x00007ff8d9b90000 - 0x00007ff8d9b9c000 	C:\Program Files\Java\jdk-22\bin\vcruntime140_1.dll
0x00007ff8a65a0000 - 0x00007ff8a662e000 	C:\Program Files\Java\jdk-22\bin\msvcp140.dll
0x00007fffd3c40000 - 0x00007fffd4989000 	C:\Program Files\Java\jdk-22\bin\server\jvm.dll
0x00007ff8edba0000 - 0x00007ff8edc56000 	C:\WINDOWS\System32\ADVAPI32.dll
0x00007ff8eda10000 - 0x00007ff8edab7000 	C:\WINDOWS\System32\sechost.dll
0x00007ff8ed790000 - 0x00007ff8ed8a8000 	C:\WINDOWS\System32\RPCRT4.dll
0x00007ff8ee430000 - 0x00007ff8ee4b0000 	C:\WINDOWS\System32\WS2_32.dll
0x00007ff8dce50000 - 0x00007ff8dce86000 	C:\WINDOWS\SYSTEM32\WINMM.dll
0x00007ff8eb600000 - 0x00007ff8eb65e000 	C:\WINDOWS\SYSTEM32\POWRPROF.dll
0x00007ff8e14c0000 - 0x00007ff8e14cb000 	C:\WINDOWS\SYSTEM32\VERSION.dll
0x00007ff8eb4e0000 - 0x00007ff8eb4f4000 	C:\WINDOWS\SYSTEM32\UMPDC.dll
0x00007ff8e9c70000 - 0x00007ff8e9c8b000 	C:\WINDOWS\SYSTEM32\kernel.appcore.dll
0x00007ff8b75c0000 - 0x00007ff8b75ca000 	C:\Program Files\Java\jdk-22\bin\jimage.dll
0x00007ff8eb020000 - 0x00007ff8eb262000 	C:\WINDOWS\SYSTEM32\DBGHELP.DLL
0x00007ff8ecba0000 - 0x00007ff8ecf23000 	C:\WINDOWS\System32\combase.dll
0x00007ff8edac0000 - 0x00007ff8edb99000 	C:\WINDOWS\System32\OLEAUT32.dll
0x00007ff8eaef0000 - 0x00007ff8eaf2b000 	C:\WINDOWS\SYSTEM32\dbgcore.DLL
0x00007ff8ec1f0000 - 0x00007ff8ec298000 	C:\WINDOWS\System32\bcryptPrimitives.dll
0x00007ff8ab8e0000 - 0x00007ff8ab8ef000 	C:\Program Files\Java\jdk-22\bin\instrument.dll
0x00007ff8aba70000 - 0x00007ff8aba8e000 	C:\Program Files\Java\jdk-22\bin\java.dll
0x00007ff8ee540000 - 0x00007ff8eecae000 	C:\WINDOWS\System32\SHELL32.dll
0x00007ff8ee0c0000 - 0x00007ff8ee257000 	C:\WINDOWS\System32\ole32.dll
0x00007ff8ec330000 - 0x00007ff8ecb9c000 	C:\WINDOWS\System32\windows.storage.dll
0x00007ff8ed690000 - 0x00007ff8ed786000 	C:\WINDOWS\System32\SHCORE.dll
0x00007ff8edd80000 - 0x00007ff8edde6000 	C:\WINDOWS\System32\shlwapi.dll
0x00007ff8eb770000 - 0x00007ff8eb799000 	C:\WINDOWS\SYSTEM32\profapi.dll
0x00007ff862300000 - 0x00007ff8623d7000 	C:\Program Files\Java\jdk-22\bin\jsvml.dll
0x00007ff8aba30000 - 0x00007ff8aba47000 	C:\Program Files\Java\jdk-22\bin\zip.dll
0x00007ff8b7310000 - 0x00007ff8b7320000 	C:\Program Files\Java\jdk-22\bin\net.dll
0x00007ff8ea180000 - 0x00007ff8ea1ec000 	C:\WINDOWS\system32\mswsock.dll
0x00007ff8aba50000 - 0x00007ff8aba66000 	C:\Program Files\Java\jdk-22\bin\nio.dll
0x00007ff8b2c40000 - 0x00007ff8b2c50000 	C:\Program Files\Java\jdk-22\bin\verify.dll
0x00007ff8a9e90000 - 0x00007ff8a9eb7000 	C:\Users\guhan.DESKTOP-A3785UI\.gradle\native\1def1411415f61bf3af743bc5b6707747c0891f09f0c88961ee8f79bc544acac\windows-amd64\native-platform.dll
0x00007ff8a6460000 - 0x00007ff8a64d8000 	C:\Users\guhan.DESKTOP-A3785UI\.gradle\native\0.2.7\x86_64-windows-gnu\gradle-fileevents.dll
0x00007ff8ad150000 - 0x00007ff8ad15a000 	C:\Program Files\Java\jdk-22\bin\management.dll
0x00007ff8aba20000 - 0x00007ff8aba2b000 	C:\Program Files\Java\jdk-22\bin\management_ext.dll
0x00007ff8edf50000 - 0x00007ff8edf58000 	C:\WINDOWS\System32\PSAPI.DLL
0x00007ff8e96a0000 - 0x00007ff8e96d2000 	C:\WINDOWS\SYSTEM32\IPHLPAPI.DLL
0x00007ff8edea0000 - 0x00007ff8edeaa000 	C:\WINDOWS\System32\NSI.dll
0x00007ff8ab9c0000 - 0x00007ff8ab9c9000 	C:\Program Files\Java\jdk-22\bin\extnet.dll
0x00007ff8eb3e0000 - 0x00007ff8eb3fb000 	C:\WINDOWS\SYSTEM32\CRYPTSP.dll
0x00007ff8ea580000 - 0x00007ff8ea5b9000 	C:\WINDOWS\system32\rsaenh.dll
0x00007ff8ea1f0000 - 0x00007ff8ea223000 	C:\WINDOWS\SYSTEM32\USERENV.dll
0x00007ff8eb740000 - 0x00007ff8eb76a000 	C:\WINDOWS\SYSTEM32\bcrypt.dll
0x00007ff8ea570000 - 0x00007ff8ea57c000 	C:\WINDOWS\SYSTEM32\CRYPTBASE.dll
0x00007ff8ab700000 - 0x00007ff8ab70e000 	C:\Program Files\Java\jdk-22\bin\sunmscapi.dll
0x00007ff8eb930000 - 0x00007ff8ebaa8000 	C:\WINDOWS\System32\CRYPT32.dll
0x00007ff8ea910000 - 0x00007ff8ea940000 	C:\WINDOWS\SYSTEM32\ncrypt.dll
0x00007ff8ea8c0000 - 0x00007ff8ea8ff000 	C:\WINDOWS\SYSTEM32\NTASN1.dll
0x00007ff8ab400000 - 0x00007ff8ab408000 	C:\WINDOWS\system32\wshunix.dll
0x00007ff8eafc0000 - 0x00007ff8eaff6000 	C:\WINDOWS\SYSTEM32\ntmarta.dll
0x00007ff8e9730000 - 0x00007ff8e9862000 	C:\WINDOWS\SYSTEM32\DNSAPI.dll
0x00007ff8e2a60000 - 0x00007ff8e2a6b000 	C:\Windows\System32\rasadhlp.dll
0x00007ff8e29d0000 - 0x00007ff8e2a56000 	C:\WINDOWS\System32\fwpuclnt.dll
0x00007ff8e7d20000 - 0x00007ff8e7dc0000 	C:\WINDOWS\system32\apphelp.dll

dbghelp: loaded successfully - version: 4.0.5 - missing functions: none
symbol engine: initialized successfully - sym options: 0x614 - pdb path: .;C:\Program Files\Java\jdk-22\bin;C:\WINDOWS\SYSTEM32;C:\WINDOWS\WinSxS\amd64_microsoft.windows.common-controls_6595b64144ccf1df_6.0.26100.8457_none_3e0b2faee331e92d;C:\Program Files\Java\jdk-22\bin\server;C:\Users\guhan.DESKTOP-A3785UI\.gradle\native\1def1411415f61bf3af743bc5b6707747c0891f09f0c88961ee8f79bc544acac\windows-amd64;C:\Users\guhan.DESKTOP-A3785UI\.gradle\native\0.2.7\x86_64-windows-gnu

VM Arguments:
jvm_args: --add-opens=java.base/java.lang=ALL-UNNAMED --add-opens=java.base/java.lang.invoke=ALL-UNNAMED --add-opens=java.base/java.util=ALL-UNNAMED --add-opens=java.prefs/java.util.prefs=ALL-UNNAMED --add-exports=jdk.compiler/com.sun.tools.javac.api=ALL-UNNAMED --add-exports=jdk.compiler/com.sun.tools.javac.util=ALL-UNNAMED --add-opens=java.base/java.util=ALL-UNNAMED --add-opens=java.prefs/java.util.prefs=ALL-UNNAMED --add-opens=java.base/java.nio.charset=ALL-UNNAMED --add-opens=java.base/java.net=ALL-UNNAMED --add-opens=java.base/java.util.concurrent.atomic=ALL-UNNAMED --add-opens=java.xml/javax.xml.namespace=ALL-UNNAMED -Xmx3G -Dfile.encoding=UTF-8 -Duser.country=US -Duser.language=en -Duser.variant -javaagent:C:\Users\guhan.DESKTOP-A3785UI\.gradle\wrapper\dists\gradle-8.14-bin\38aieal9i53h9rfe7vjup95b9\gradle-8.14\lib\agents\gradle-instrumentation-agent-8.14.jar 
java_command: org.gradle.launcher.daemon.bootstrap.GradleDaemon 8.14
java_class_path (initial): C:\Users\guhan.DESKTOP-A3785UI\.gradle\wrapper\dists\gradle-8.14-bin\38aieal9i53h9rfe7vjup95b9\gradle-8.14\lib\gradle-daemon-main-8.14.jar
Launcher Type: SUN_STANDARD

[Global flags]
     intx CICompilerCount                          = 12                                        {product} {ergonomic}
     uint ConcGCThreads                            = 3                                         {product} {ergonomic}
     uint G1ConcRefinementThreads                  = 13                                        {product} {ergonomic}
   size_t G1HeapRegionSize                         = 2097152                                   {product} {ergonomic}
   size_t InitialHeapSize                          = 264241152                                 {product} {ergonomic}
   size_t MarkStackSize                            = 4194304                                   {product} {ergonomic}
   size_t MaxHeapSize                              = 3221225472                                {product} {command line}
   size_t MaxNewSize                               = 1931476992                                {product} {ergonomic}
   size_t MinHeapDeltaBytes                        = 2097152                                   {product} {ergonomic}
   size_t MinHeapSize                              = 8388608                                   {product} {ergonomic}
    uintx NonNMethodCodeHeapSize                   = 7602480                                {pd product} {ergonomic}
    uintx NonProfiledCodeHeapSize                  = 122027880                              {pd product} {ergonomic}
    uintx ProfiledCodeHeapSize                     = 122027880                              {pd product} {ergonomic}
    uintx ReservedCodeCacheSize                    = 251658240                              {pd product} {ergonomic}
     bool SegmentedCodeCache                       = true                                      {product} {ergonomic}
   size_t SoftMaxHeapSize                          = 3221225472                             {manageable} {ergonomic}
     bool UseCompressedOops                        = true                           {product lp64_product} {ergonomic}
     bool UseG1GC                                  = true                                      {product} {ergonomic}
     bool UseLargePagesIndividualAllocation        = false                                  {pd product} {ergonomic}

Logging:
Log output configuration:
 #0: stdout all=warning uptime,level,tags foldmultilines=false
 #1: stderr all=off uptime,level,tags foldmultilines=false

Environment Variables:
JAVA_HOME=C:/Program Files/Java/jdk-22
PATH=C:\Users\guhan.DESKTOP-A3785UI\bin;C:\Program Files\Git\mingw64\bin;C:\Program Files\Git\usr\local\bin;C:\Program Files\Git\usr\bin;C:\Program Files\Git\usr\bin;C:\Program Files\Git\mingw64\bin;C:\Program Files\Git\usr\bin;C:\Users\guhan.DESKTOP-A3785UI\bin;C:\Program Files\Eclipse Adoptium\jdk-17.0.19.10-hotspot\bin;C:\Program Files\Eclipse Adoptium\jdk-21.0.11.10-hotspot\bin;C:\Program Files\Common Files\Oracle\Java\javapath;C:\Program Files (x86)\Common Files\Oracle\Java\java8path;C:\Program Files (x86)\Common Files\Oracle\Java\javapath;C:\Python312\Scripts;C:\Python312;C:\Program Files\Microsoft MPI\Bin;C:\Program Files (x86)\Common Files\Intel\Shared Libraries\redist\intel64\compiler;C:\Windows\system32;C:\Windows;C:\Windows\System32\Wbem;C:\Windows\System32\WindowsPowerShell\v1.0;C:\Windows\System32\OpenSSH;C:\Program Files (x86)\NVIDIA Corporation\PhysX\Common;C:\WINDOWS\system32;C:\WINDOWS;C:\WINDOWS\System32\Wbem;C:\WINDOWS\System32\WindowsPowerShell\v1.0;C:\WINDOWS\System32\OpenSSH;C:\Program Files\dotnet;C:\ProgramData\chocolatey\bin;C:\Program Files\Git\cmd;C:\Program Files\NVIDIA Corporation\NVIDIA App\NvDLISR;C:\Program Files\Wireshark;C:\Program Files (x86)\ZeroTier\One;C:\Program Files\GitHub CLI;C:\Program Files\nodejs;C:\Program Files\Go\bin;C:\Users\guhan.DESKTOP-A3785UI\.cargo\bin;C:\Users\guhan.DESKTOP-A3785UI\dev\flutter\bin;C:\Users\guhan.DESKTOP-A3785UI\AppData\Local\pnpm;C:\Users\guhan.DESKTOP-A3785UI\AppData\Local\Microsoft\WindowsApps;C:\Users\guhan.DESKTOP-A3785UI\AppData\Local\spicetify;C:\ffmpeg;C:\Users\guhan.DESKTOP-A3785UI\AppData\Local\Microsoft\WindowsApps;C:\Users\guhan.DESKTOP-A3785UI\AppData\Local\Muse Hub\lib;C:\Users\guhan.DESKTOP-A3785UI\AppData\Local\garyttierney\me3\bin;C:\Users\guhan.DESKTOP-A3785UI\AppData\Local\Programs\Antigravity\bin;C:\Users\guhan.DESKTOP-A3785UI\.local\bin;C:\Users\guhan.DESKTOP-A3785UI\AppData\Roaming\npm;C:\Users\guhan.DESKTOP-A3785UI\AppData\Local\Programs\cursor\resources\app\bin;C:\Users\guhan.DESKTOP-A3785UI\AppData\Local\Programs\Obsidian;C:\Users\guhan.DESKTOP-A3785UI\go\bin;C:\Program Files\Git\usr\bin\vendor_perl;C:\Program Files\Git\usr\bin\core_perl;C:\Users\guhan.DESKTOP-A3785UI\.claude-account-ag\plugins\cache\claude-plugins-official\superpowers\5.1.0\bin;C:\Users\guhan.DESKTOP-A3785UI\.claude-account-ag\plugins\cache\obsidian-skills\obsidian\1.0.1\bin;C:\Users\guhan.DESKTOP-A3785UI\.claude\personal-marketplace\personal-skills\bin;C:\Users\guhan.DESKTOP-A3785UI\.claude-account-ag\plugins\cache\claude-plugins-official\frontend-design\unknown\bin
USERNAME=guhan
SHELL=C:\Program Files\Git\bin\bash.exe
LANG=en_US.UTF-8
TERM=xterm-256color
OS=Windows_NT
PROCESSOR_IDENTIFIER=Intel64 Family 6 Model 141 Stepping 1, GenuineIntel
TMP=C:\Users\GUHAN~1.DES\AppData\Local\Temp
TEMP=C:\Users\GUHAN~1.DES\AppData\Local\Temp




Periodic native trim disabled

---------------  S Y S T E M  ---------------

OS:
 Windows 11 , 64 bit Build 26100 (10.0.26100.8328)
OS uptime: 5 days 7:01 hours
Hyper-V role detected

CPU: total 16 (initial active 16) (8 cores per cpu, 2 threads per core) family 6 model 141 stepping 1 microcode 0x32, cx8, cmov, fxsr, ht, mmx, 3dnowpref, sse, sse2, sse3, ssse3, sse4.1, sse4.2, popcnt, lzcnt, tsc, tscinvbit, avx, avx2, aes, erms, clmul, bmi1, bmi2, adx, avx512f, avx512dq, avx512cd, avx512bw, avx512vl, sha, fma, vzeroupper, avx512_vpopcntdq, avx512_vpclmulqdq, avx512_vaes, avx512_vnni, clflush, clflushopt, clwb, avx512_vbmi2, avx512_vbmi, hv, rdtscp, rdpid, fsrm, gfni, avx512_bitalg, f16c, cet_ibt, cet_ss, avx512_ifma
Processor Information for all 16 processors :
  Max Mhz: 2304, Current Mhz: 2304, Mhz Limit: 2304

Memory: 4k page, system-wide physical 16085M (676M free)
TotalPageFile size 34049M (AvailPageFile size 13M)
current process WorkingSet (physical memory assigned to process): 856M, peak: 856M
current process commit charge ("private bytes"): 2049M, peak: 2049M

vm_info: Java HotSpot(TM) 64-Bit Server VM (22.0.2+9-70) for windows-amd64 JRE (22.0.2+9-70), built on 2024-06-04T16:52:23Z by "mach5one" with MS VC++ 17.6 (VS2022)

END.
